"tier","n_ref","repeat_id","auc_both","auc_prop","auc_mean","recon_mse","mean_r2","mean_cv","mean_sd_change","ref_samples"
"Top 10%",2,1,0.904761904761905,0.866402116402116,0.863756613756613,0.00480093115366951,0.456532359113898,0.885155853457336,0.0132755859187887,"521932, 504112"
"Top 10%",2,2,0.911375661375661,0.900793650793651,0.891534391534391,0.00486408794463242,0.490957398493724,0.877836283336071,0.014781912090953,"504159, 499715"
"Top 10%",2,3,0.888888888888889,0.927248677248678,0.838624338624339,0.00490078857536761,0.466125887214543,0.861742909814055,0.0166454589623292,"521931, 504122"
"Top 10%",2,4,0.882275132275132,0.777777777777777,0.798941798941799,0.00407252887020544,0.471850682323785,0.874674635037958,0.0134490646695611,"521497, 521914"
"Top 10%",2,5,0.771164021164021,0.892857142857143,0.674603174603175,0.00529060435422334,0.473758543863162,0.842236576102694,0.0205123602103715,"521954, 521961"
"Top 10%",2,6,0.843915343915344,0.841269841269841,0.793650793650794,0.00432927102443626,0.460398451616711,0.865857923090386,0.015597001330479,"455552, 455922"
"Top 10%",2,7,0.879629629629629,0.87037037037037,0.845238095238095,0.00470256538532376,0.499645309956661,0.847585174642765,0.0171308663609011,"455578, 499712"
"Top 10%",2,8,0.900793650793651,0.746031746031746,0.866402116402117,0.004484387983352,0.51099410785341,0.887422895074096,0.0120211772867751,"455922, 521497"
"Top 10%",2,9,0.742063492063492,0.847883597883598,0.711640211640212,0.00433398972183079,0.477923270998811,0.874888726666324,0.0148735457402705,"521954, 504109"
"Top 10%",2,10,0.849206349206349,0.847883597883598,0.822751322751322,0.0047113603793725,0.480639345133299,0.857070409868309,0.0167494949390803,"455942, 504122"
"Top 10%",2,11,0.854497354497355,0.845238095238095,0.867724867724868,0.00498927039213858,0.499409853359016,0.84181514663021,0.0196418778902771,"499715, 521933"
"Top 10%",2,12,0.682539682539683,0.798941798941799,0.666666666666667,0.00480846530673417,0.511824210307647,0.853450206411225,0.0172207454611243,"455552, 511091"
"Top 10%",2,13,0.884920634920635,0.871693121693122,0.87962962962963,0.00508991660357153,0.46282361962998,0.825258670810587,0.0206915776969379,"499711, 504159"
"Top 10%",2,14,0.85978835978836,0.89021164021164,0.791005291005291,0.00510253507604347,0.463641113870875,0.840311657311646,0.0193363470045832,"455942, 521939"
"Top 10%",2,15,0.882275132275132,0.896825396825397,0.850529100529101,0.00494307095422448,0.454863411672907,0.874560256314694,0.0152082747934762,"499693, 521931"
"Top 10%",2,16,0.853174603174603,0.861111111111111,0.862433862433862,0.00458004988433595,0.509330728084186,0.86204803742356,0.0172523120096704,"521954, 455942"
"Top 10%",2,17,0.875661375661376,0.76058201058201,0.867724867724867,0.00521517506539615,0.501113986425784,0.856574982784028,0.0185172461432274,"521954, 521940"
"Top 10%",2,18,0.863756613756614,0.875661375661376,0.863756613756614,0.00492714747097875,0.509608524813113,0.849938884575383,0.0185881591176709,"521965, 521932"
"Top 10%",2,19,0.871693121693121,0.736772486772487,0.833333333333333,0.00554584553398311,0.537602772976825,0.849137818572337,0.0174540529322608,"455948, 455922"
"Top 10%",2,20,0.923280423280423,0.906084656084656,0.829365079365079,0.00428176200483872,0.445359646782972,0.851478497609358,0.0162094768744387,"521941, 521444"
"Top 10%",2,21,0.945767195767196,0.915343915343915,0.939153439153439,0.00523471939071093,0.492919308698827,0.865081430978841,0.0166844971522591,"521923, 521949"
"Top 10%",2,22,0.80026455026455,0.613756613756614,0.768518518518518,0.00486558530018991,0.507651419602098,0.853839569047904,0.0179213260698417,"455948, 511114"
"Top 10%",2,23,0.939153439153439,0.931216931216931,0.887566137566138,0.00425554995447087,0.510266788123419,0.861214800427442,0.0161420011653856,"511122, 521949"
"Top 10%",2,24,0.895502645502645,0.891534391534391,0.867724867724868,0.00467510355748307,0.469275601613851,0.875633253438429,0.0147110563264079,"511091, 521923"
"Top 10%",2,25,0.846560846560847,0.817460317460318,0.818783068783069,0.00428304391727229,0.483711498955543,0.862257271122958,0.0153765372804022,"521939, 521444"
"Top 10%",2,26,0.878306878306878,0.789682539682539,0.830687830687831,0.00445202155470896,0.475036733429106,0.857947203819988,0.0169584669921419,"521497, 455552"
"Top 10%",2,27,0.915343915343915,0.82010582010582,0.916666666666666,0.00477881195095337,0.495892902584326,0.87537617403659,0.0141875577653619,"455948, 521945"
"Top 10%",2,28,0.906084656084656,0.921957671957672,0.869047619047619,0.0049486222934092,0.489783383742228,0.873771672654432,0.0145243992141094,"521945, 521923"
"Top 10%",2,29,0.83068783068783,0.768518518518519,0.797619047619048,0.00511105985806452,0.515835515444124,0.828527524697881,0.0198891375794063,"504112, 504109"
"Top 10%",2,30,0.855820105820105,0.784391534391534,0.808201058201058,0.00505792662358631,0.448478848626791,0.858461498490946,0.0170218707852811,"521961, 455946"
"Top 10%",2,31,0.832010582010582,0.914021164021164,0.675925925925926,0.00421097201259164,0.49831996217724,0.856433847657306,0.0162928789669197,"521497, 504159"
"Top 10%",2,32,0.87037037037037,0.773809523809524,0.775132275132275,0.00456522218065269,0.527910797461286,0.863570730515049,0.0154561009833045,"521929, 504159"
"Top 10%",2,33,0.873015873015873,0.91005291005291,0.814814814814815,0.0048848255836282,0.454016929357248,0.850787511521752,0.0165051682499254,"521923, 521930"
"Top 10%",2,34,0.915343915343915,0.82010582010582,0.916666666666666,0.00477881195095337,0.495892902584326,0.87537617403659,0.0141875577653619,"455948, 521945"
"Top 10%",2,35,0.847883597883598,0.898148148148147,0.767195767195767,0.00420724424414431,0.478420820549102,0.860543244827519,0.0156768119859188,"521497, 504113"
"Top 10%",2,36,0.943121693121693,0.849206349206349,0.851851851851852,0.00474461736035909,0.482200201310461,0.858496661842798,0.0165291190725985,"455946, 521930"
"Top 10%",2,37,0.906084656084656,0.776455026455027,0.841269841269841,0.00424552592539926,0.49552042115216,0.870831099165891,0.0157561413491667,"521467, 511115"
"Top 10%",2,38,0.855820105820106,0.830687830687831,0.855820105820106,0.00551204476056901,0.493158076508957,0.820361368222528,0.0213224840381836,"455948, 504122"
"Top 10%",2,39,0.781746031746032,0.793650793650794,0.738095238095238,0.00444490294841104,0.4820195085431,0.866134243605069,0.0147388775500554,"504112, 511122"
"Top 10%",2,40,0.879629629629629,0.849206349206349,0.876984126984127,0.0048194776216995,0.504773262694302,0.850431534416228,0.0182512727779171,"455942, 521961"
"Top 10%",2,41,0.846560846560847,0.726190476190476,0.777777777777778,0.00496558195739421,0.462158797753785,0.844444170201186,0.0178009193064497,"521941, 455946"
"Top 10%",2,42,0.89021164021164,0.906084656084656,0.732804232804233,0.00452875788914946,0.462048473543214,0.887083854396773,0.012959626128801,"521497, 499693"
"Top 10%",2,43,0.87037037037037,0.920634920634921,0.866402116402116,0.00488292012021473,0.510588264619803,0.847645492398345,0.0181004626256891,"521931, 521949"
"Top 10%",2,44,0.596560846560847,0.865079365079365,0.554232804232805,0.00505360091678776,0.517686579711605,0.8630045389769,0.0164429583529387,"521923, 455578"
"Top 10%",2,45,0.871693121693121,0.736772486772487,0.833333333333333,0.00554584553398311,0.537602772976825,0.849137818572337,0.0174540529322608,"455922, 455948"
"Top 10%",2,46,0.776455026455027,0.8994708994709,0.715608465608465,0.00494922693934842,0.464741167166198,0.874382174319235,0.0145816741210502,"521933, 521941"
"Top 10%",2,47,0.822751322751323,0.76058201058201,0.798941798941799,0.00497704368955357,0.482293822183441,0.874028987339263,0.0145061743148077,"504109, 521939"
"Top 10%",2,48,0.714285714285714,0.882275132275132,0.666666666666667,0.00441136221229528,0.523056381720297,0.869174283055763,0.0144613859495394,"521931, 511122"
"Top 10%",2,49,0.806878306878307,0.705026455026455,0.78968253968254,0.00450889000923184,0.486492068788317,0.880155749897598,0.0144332705147251,"499715, 511110"
"Top 10%",2,50,0.816137566137566,0.902116402116402,0.784391534391534,0.00436934754655079,0.495692518360918,0.848075829628185,0.0173217115461258,"521945, 499712"
"Top 10%",2,51,0.883597883597884,0.884920634920635,0.907407407407408,0.00448352904357164,0.455014351901254,0.882969082097901,0.0125854173091508,"504115, 521961"
"Top 10%",2,52,0.908730158730158,0.838624338624338,0.880952380952381,0.00510940670751561,0.495462077170498,0.850057603503407,0.0176990449962776,"521965, 521914"
"Top 10%",2,53,0.919312169312169,0.722222222222222,0.921957671957672,0.00571254810948586,0.537974914380286,0.846168162234048,0.0185869862536777,"504112, 504122"
"Top 10%",2,54,0.801587301587301,0.875661375661376,0.703703703703703,0.00460730503597301,0.422656689588861,0.869548681618193,0.0157993122704236,"521933, 504115"
"Top 10%",2,55,0.861111111111111,0.873015873015873,0.862433862433863,0.0043589477652375,0.49629656462097,0.873073385589714,0.01559303821858,"511114, 521939"
"Top 10%",2,56,0.722222222222222,0.652116402116402,0.777777777777778,0.00505951504920278,0.502781405384471,0.842819664056,0.0179126055436454,"499715, 455922"
"Top 10%",2,57,0.903439153439154,0.933862433862434,0.798941798941799,0.00436704962412088,0.510995350681695,0.879179835321534,0.0146690551441642,"511115, 455552"
"Top 10%",2,58,0.902116402116402,0.927248677248677,0.884920634920634,0.00465881445444676,0.46463329188569,0.858068597335098,0.015320407134932,"521941, 521930"
"Top 10%",2,59,0.898148148148148,0.861111111111111,0.869047619047619,0.00390412914111444,0.503023084995072,0.878902758466391,0.0130937150672726,"521941, 511122"
"Top 10%",2,60,0.858465608465609,0.742063492063492,0.793650793650794,0.00424011473456135,0.486140415500559,0.870807481604041,0.0155070873866805,"511114, 504109"
"Top 10%",2,61,0.854497354497354,0.783068783068783,0.845238095238095,0.00503160586281007,0.498478026273204,0.83731560928547,0.0204244694245197,"455948, 504161"
"Top 10%",2,62,0.719576719576719,0.759259259259259,0.633597883597884,0.00449295622110174,0.524975850367211,0.88337664923883,0.0139964403224637,"521923, 511115"
"Top 10%",2,63,0.94973544973545,0.849206349206349,0.911375661375662,0.00447651220252995,0.499246629362734,0.875165810648047,0.0147957472550168,"455946, 521939"
"Top 10%",2,64,0.874338624338624,0.888888888888889,0.85978835978836,0.00466280993449881,0.500540065891188,0.863751295775721,0.0161267079637757,"521965, 521945"
"Top 10%",2,65,0.828042328042328,0.71031746031746,0.829365079365079,0.00445468139540548,0.523773121141692,0.869798134492682,0.0156102570218416,"511114, 511091"
"Top 10%",2,66,0.87962962962963,0.91005291005291,0.876984126984126,0.00469713077843346,0.442941527521871,0.883841101891906,0.0136424016070246,"499693, 504109"
"Top 10%",2,67,0.834656084656084,0.838624338624339,0.818783068783069,0.00446548178188705,0.494109682194241,0.883959584979039,0.0135412830434162,"521914, 499715"
"Top 10%",2,68,0.87037037037037,0.85978835978836,0.793650793650793,0.00470474030769709,0.468614950069522,0.861510711416157,0.0151188960076615,"499733, 504115"
"Top 10%",2,69,0.675925925925926,0.884920634920635,0.55952380952381,0.00376416203492174,0.474453930307145,0.890385638017661,0.0118849831743959,"521467, 521940"
"Top 10%",2,70,0.907407407407407,0.892857142857143,0.917989417989418,0.00462094680292465,0.471505485035183,0.859398727503736,0.0164219327917431,"499711, 521931"
"Top 10%",2,71,0.879629629629629,0.849206349206349,0.876984126984127,0.0048194776216995,0.504773262694302,0.850431534416228,0.0182512727779171,"455942, 521961"
"Top 10%",2,72,0.928571428571428,0.801587301587301,0.908730158730159,0.00514542865193848,0.47031341561028,0.839164254393106,0.0188363009962138,"521914, 521929"
"Top 10%",2,73,0.719576719576719,0.759259259259259,0.633597883597884,0.00449295622110174,0.524975850367211,0.88337664923883,0.0139964403224637,"511115, 521923"
"Top 10%",2,74,0.849206349206349,0.85978835978836,0.822751322751323,0.0053265430469596,0.509893118174076,0.835935245158692,0.02040859535656,"521949, 521932"
"Top 10%",2,75,0.968253968253968,0.917989417989418,0.951058201058201,0.00524489899262801,0.519754425531634,0.833187954874849,0.0193274629707335,"455948, 499711"
"Top 10%",2,76,0.853174603174603,0.814814814814815,0.794973544973545,0.0050520105339451,0.495961480770808,0.85174947923249,0.0175290935659883,"504159, 504109"
"Top 10%",2,77,0.915343915343915,0.861111111111111,0.854497354497354,0.00479799310157289,0.488898251424805,0.85646890430796,0.0179673727284243,"499733, 455552"
"Top 10%",2,78,0.846560846560846,0.838624338624339,0.739417989417989,0.00482967491454884,0.496348997957729,0.846764385601352,0.0177456093240705,"455552, 521467"
"Top 10%",2,79,0.742063492063492,0.903439153439153,0.513227513227513,0.00397205507284135,0.517511700701464,0.877444356716458,0.0141820016119726,"455578, 521467"
"Top 10%",2,80,0.907407407407408,0.865079365079365,0.851851851851852,0.00525128123307144,0.510585184822914,0.875037784049694,0.0146177594868947,"455948, 521939"
"Top 10%",2,81,0.912698412698413,0.935185185185185,0.878306878306878,0.00500697033120962,0.496772689378825,0.87471313082385,0.0141632200400073,"504115, 455552"
"Top 10%",2,82,0.85978835978836,0.80026455026455,0.83994708994709,0.00531572335851996,0.478995423952046,0.850992874192632,0.0169371930885281,"504112, 521929"
"Top 10%",2,83,0.838624338624339,0.898148148148148,0.82010582010582,0.00417995917034282,0.503017307647142,0.874413276084962,0.0148207045133288,"511110, 521939"
"Top 10%",2,84,0.965608465608466,0.914021164021164,0.91005291005291,0.00443956197278794,0.471959617946813,0.858641580023236,0.015922861108374,"499711, 521945"
"Top 10%",2,85,0.921957671957672,0.878306878306878,0.892857142857143,0.00482595938065654,0.512110597081913,0.859027161262893,0.0166603777299546,"455948, 521965"
"Top 10%",2,86,0.914021164021164,0.866402116402116,0.888888888888889,0.00532891502299208,0.503833898682385,0.817717670620317,0.0214514326272814,"504113, 455948"
"Top 10%",2,87,0.837301587301587,0.82936507936508,0.792328042328042,0.00479429550611225,0.522460481323847,0.85468223542464,0.016771242606709,"499715, 521497"
"Top 10%",2,88,0.933862433862434,0.869047619047619,0.85978835978836,0.00463522004862166,0.481672583000096,0.876945878675422,0.0152278128627665,"504161, 499693"
"Top 10%",2,89,0.801587301587302,0.932539682539683,0.806878306878306,0.0048101509044262,0.513514421391849,0.864046601450853,0.0159286291392709,"455942, 521929"
"Top 10%",2,90,0.87962962962963,0.826719576719577,0.847883597883598,0.0049046268934532,0.463459896052944,0.851156260660044,0.0175991943620854,"455578, 521941"
"Top 10%",2,91,0.818783068783069,0.873015873015873,0.62037037037037,0.00456919517318646,0.497490027226889,0.862216078988344,0.0166230051211672,"521497, 521932"
"Top 10%",2,92,0.941798941798942,0.945767195767196,0.91005291005291,0.00440462563177757,0.492464492127321,0.877139650627837,0.0140715924365686,"521929, 455578"
"Top 10%",2,93,0.902116402116402,0.908730158730158,0.875661375661376,0.00444800158581916,0.457447618461518,0.854981171452351,0.0167256440170124,"521965, 499711"
"Top 10%",2,94,0.846560846560846,0.67989417989418,0.849206349206349,0.00503789219627697,0.459117831795754,0.826271967062546,0.0197513982604937,"499712, 499715"
"Top 10%",2,95,0.953703703703704,0.883597883597884,0.907407407407408,0.00491616241543879,0.418586486221655,0.877192431538794,0.0142257786623365,"521923, 521933"
"Top 10%",2,96,0.791005291005291,0.677248677248677,0.80952380952381,0.00447366230831344,0.505949297793515,0.844532797708786,0.0174176744095248,"499712, 511122"
"Top 10%",2,97,0.891534391534391,0.880952380952381,0.878306878306878,0.00504371053673556,0.526313565619414,0.839157912580605,0.0182503199922881,"521931, 455948"
"Top 10%",2,98,0.878306878306878,0.80026455026455,0.857142857142857,0.00474403795182622,0.476320739902153,0.852546401277359,0.0170976132895596,"521930, 521914"
"Top 10%",2,99,0.874338624338624,0.933862433862434,0.845238095238095,0.00467280942502274,0.512134943468654,0.865119851850306,0.0166522765019421,"521954, 499712"
"Top 10%",2,100,0.824074074074074,0.916666666666667,0.798941798941799,0.004135912349251,0.432588007602227,0.874946467985348,0.0148556789771746,"511114, 521929"
"Bottom 10%",2,1,0.666666666666667,0.891534391534392,0.462962962962963,0.00471840459589311,0.464188025397045,0.872331941653737,0.0129124638731986,"499681, 521477"
"Bottom 10%",2,2,0.898148148148148,0.900793650793651,0.8505291005291,0.00487056088194786,0.479868379100412,0.881237028901865,0.0119511565463105,"499681, 499683"
"Bottom 10%",2,3,0.923280423280423,0.904761904761904,0.958994708994709,0.00462412308310534,0.4424009991773,0.859280064552966,0.0162946423404165,"499737, 521907"
"Bottom 10%",2,4,0.883597883597884,0.734126984126984,0.89021164021164,0.00495585016349217,0.505700019000025,0.872508433378019,0.0128515159005085,"499682, 521474"
"Bottom 10%",2,5,0.854497354497354,0.787037037037037,0.772486772486773,0.00505967927414967,0.495350291421923,0.872512815700812,0.0140636428427119,"499716, 499719"
"Bottom 10%",2,6,0.907407407407407,0.903439153439153,0.928571428571428,0.00397244436684358,0.482473161553682,0.866487302756962,0.0142882970443543,"499701, 521442"
"Bottom 10%",2,7,0.951058201058201,0.855820105820105,0.933862433862434,0.00505890730865258,0.469818490218373,0.865423926247977,0.0139177782279918,"521457, 521439"
"Bottom 10%",2,8,0.757936507936508,0.906084656084656,0.682539682539682,0.00449786453008992,0.529902472783743,0.87743260983295,0.0130293952755044,"499682, 511102"
"Bottom 10%",2,9,0.891534391534392,0.875661375661376,0.674603174603175,0.0046078738885605,0.519329393868457,0.858112865269164,0.0166619035015777,"521458, 499683"
"Bottom 10%",2,10,0.703703703703704,0.89021164021164,0.60978835978836,0.00501187518233968,0.501348893633593,0.864315681245486,0.0142289528160577,"521441, 521476"
"Bottom 10%",2,11,0.895502645502646,0.76058201058201,0.853174603174603,0.0040428887519334,0.458192841540898,0.871409559534423,0.0135779220053194,"499721, 521441"
"Bottom 10%",2,12,0.906084656084656,0.92989417989418,0.858465608465608,0.00481268537926673,0.453506079595756,0.882510624079871,0.0140317102037156,"521456, 521458"
"Bottom 10%",2,13,0.883597883597883,0.854497354497355,0.871693121693122,0.00405415996713061,0.447995032953721,0.892259162993832,0.011370002661638,"521472, 521441"
"Bottom 10%",2,14,0.685185185185185,0.794973544973545,0.666666666666667,0.00440645303172244,0.495034337104035,0.877313064562754,0.0130926099213733,"499738, 511100"
"Bottom 10%",2,15,0.892857142857143,0.880952380952381,0.924603174603175,0.00511647821987658,0.495363938743675,0.845518930130703,0.0173420461133294,"521474, 521439"
"Bottom 10%",2,16,0.837301587301587,0.821428571428571,0.80026455026455,0.00473476349319593,0.517336963559445,0.861585651806006,0.0152794125156428,"521475, 499719"
"Bottom 10%",2,17,0.798941798941799,0.826719576719576,0.744708994708995,0.00436426343608135,0.467279045120911,0.872739909108666,0.014779059089303,"499737, 521895"
"Bottom 10%",2,18,0.880952380952381,0.834656084656084,0.809523809523809,0.00483756940691202,0.479664335014135,0.84455538360284,0.0167139865871414,"499701, 455930"
"Bottom 10%",2,19,0.920634920634921,0.865079365079365,0.908730158730159,0.00466533693730323,0.495236960848006,0.855950203572346,0.0159815916346764,"521456, 499738"
"Bottom 10%",2,20,0.911375661375661,0.808201058201058,0.867724867724867,0.00519216674186926,0.46733659091069,0.853766452217052,0.0168451399579054,"499719, 499704"
"Bottom 10%",2,21,0.917989417989418,0.898148148148148,0.931216931216931,0.00448650852759859,0.470878950101209,0.88125428367086,0.0127309465924764,"511100, 521442"
"Bottom 10%",2,22,0.914021164021164,0.87962962962963,0.876984126984127,0.00518203082783868,0.465405174658547,0.862304596008202,0.0175758383448358,"521975, 504129"
"Bottom 10%",2,23,0.878306878306878,0.788359788359788,0.884920634920634,0.00450485540650449,0.463049551328922,0.874590466668874,0.0144400759434154,"499735, 521895"
"Bottom 10%",2,24,0.871693121693122,0.91005291005291,0.585978835978836,0.00400664045388755,0.42864824203286,0.881272914536627,0.0121246036092796,"521455, 499738"
"Bottom 10%",2,25,0.837301587301587,0.765873015873015,0.837301587301587,0.00522171501479686,0.443987720122327,0.850539164305508,0.0161901905807799,"499734, 499682"
"Bottom 10%",2,26,0.919312169312169,0.89021164021164,0.925925925925926,0.00445152828754725,0.492321435653927,0.884158219506709,0.0116058552568948,"521442, 521472"
"Bottom 10%",2,27,0.726190476190476,0.891534391534392,0.517195767195767,0.00443807004337702,0.441732552106486,0.856922983326903,0.0153955880234358,"521482, 499683"
"Bottom 10%",2,28,0.925925925925926,0.912698412698413,0.882275132275132,0.00529118464796767,0.521842924910193,0.87564319592446,0.0131188368436073,"499690, 499738"
"Bottom 10%",2,29,0.464285714285714,0.813492063492063,0.48015873015873,0.00442484189726739,0.51425751006117,0.852517019692049,0.0165504536604616,"521441, 499701"
"Bottom 10%",2,30,0.879629629629629,0.830687830687831,0.826719576719577,0.00451133682053092,0.456898843553518,0.864904985009178,0.0146188820585862,"499734, 521480"
"Bottom 10%",2,31,0.935185185185185,0.892857142857143,0.927248677248677,0.00444777695699104,0.504158625862147,0.867565965612819,0.013828150717675,"521442, 499681"
"Bottom 10%",2,32,0.898148148148148,0.869047619047619,0.873015873015873,0.00465080169101175,0.493592626199986,0.869576382515271,0.0133453486972626,"521438, 521482"
"Bottom 10%",2,33,0.924603174603174,0.931216931216931,0.797619047619048,0.00447341798454341,0.487672127409394,0.874546726211524,0.0150310921535429,"455522, 521458"
"Bottom 10%",2,34,0.826719576719576,0.925925925925926,0.714285714285714,0.00559561721940668,0.482193621430323,0.843842192380785,0.0179458650329064,"499735, 499716"
"Bottom 10%",2,35,0.891534391534392,0.933862433862434,0.873015873015873,0.00529773933131093,0.513036748121581,0.889708051593608,0.0122417174290668,"521472, 455521"
"Bottom 10%",2,36,0.914021164021164,0.947089947089947,0.888888888888889,0.00547119166877285,0.446543767087084,0.849634102357649,0.0178910422835553,"511072, 455930"
"Bottom 10%",2,37,0.871693121693122,0.806878306878307,0.828042328042328,0.00458929739360376,0.483567146573346,0.867585994481685,0.0138794360223736,"521482, 499735"
"Bottom 10%",2,38,0.916666666666667,0.810846560846561,0.91005291005291,0.00483499370611605,0.507314287345806,0.874328736819956,0.0157295182816471,"521918, 455910"
"Bottom 10%",2,39,0.841269841269841,0.887566137566138,0.802910052910052,0.00487305726740338,0.437026662981912,0.834016057819148,0.0191877887351755,"455910, 521471"
"Bottom 10%",2,40,0.601851851851852,0.87037037037037,0.521164021164021,0.00474346747497375,0.463753222750058,0.867127221428918,0.013989258435203,"521472, 499735"
"Bottom 10%",2,41,0.603174603174603,0.833333333333333,0.597883597883598,0.00476899359584966,0.518202983318188,0.88537342605664,0.0113862231029819,"521471, 499690"
"Bottom 10%",2,42,0.706349206349206,0.936507936507937,0.687830687830688,0.00491165231661585,0.476557216511218,0.890607193567495,0.0136755428858727,"521895, 521918"
"Bottom 10%",2,43,0.85978835978836,0.797619047619047,0.869047619047619,0.00411245851630972,0.491813874372459,0.87867729583987,0.0146284132304501,"521458, 521480"
"Bottom 10%",2,44,0.855820105820106,0.683862433862434,0.851851851851852,0.00432721370448071,0.48113567395818,0.863515519760178,0.0145639230894559,"499738, 521475"
"Bottom 10%",2,45,0.862433862433862,0.818783068783069,0.796296296296296,0.00479759937243726,0.530752247771322,0.872766229853522,0.0149147419593215,"499735, 504129"
"Bottom 10%",2,46,0.895502645502646,0.76058201058201,0.853174603174603,0.0040428887519334,0.458192841540898,0.871409559534423,0.0135779220053194,"521441, 499721"
"Bottom 10%",2,47,0.703703703703704,0.89021164021164,0.60978835978836,0.00501187518233968,0.501348893633593,0.864315681245486,0.0142289528160577,"521476, 521441"
"Bottom 10%",2,48,0.691798941798942,0.781746031746032,0.694444444444444,0.00434032218694816,0.448628923069652,0.87558054375614,0.0139601643070588,"521482, 511072"
"Bottom 10%",2,49,0.83994708994709,0.720899470899471,0.821428571428571,0.00402776758235492,0.462657707830921,0.862589732312528,0.0147700636529875,"511102, 499683"
"Bottom 10%",2,50,0.846560846560847,0.838624338624339,0.797619047619047,0.0046697972235705,0.459963814816758,0.867987685909876,0.0148992250885036,"499690, 455522"
"Bottom 10%",2,51,0.794973544973545,0.951058201058201,0.736772486772487,0.00480708405768343,0.450374062403968,0.896042909915029,0.010882610184536,"521455, 521471"
"Bottom 10%",2,52,0.925925925925926,0.832010582010582,0.883597883597883,0.00504396869547766,0.500082474949199,0.867154256168929,0.0147158076835358,"511072, 499738"
"Bottom 10%",2,53,0.650793650793651,0.776455026455026,0.444444444444444,0.00484869319144036,0.475263844038695,0.887343820511918,0.0124599529368455,"521439, 521975"
"Bottom 10%",2,54,0.8994708994709,0.712962962962963,0.902116402116402,0.00415825490779128,0.465577433300982,0.874665870104841,0.0143201964555648,"521441, 521918"
"Bottom 10%",2,55,0.600529100529101,0.751322751322751,0.591269841269841,0.00463814440486781,0.463237209669321,0.857549531779018,0.0160174593946613,"521918, 521457"
"Bottom 10%",2,56,0.89021164021164,0.829365079365079,0.876984126984127,0.00505309386747927,0.501860547207785,0.840239948506045,0.0181341017706463,"499701, 499719"
"Bottom 10%",2,57,0.884920634920635,0.781746031746032,0.861111111111111,0.00502814043962204,0.509269524769788,0.882511657645655,0.013444172898362,"521975, 499681"
"Bottom 10%",2,58,0.846560846560846,0.792328042328042,0.798941798941799,0.00494208310982766,0.50873017030827,0.882092443629774,0.012739385117973,"521477, 504129"
"Bottom 10%",2,59,0.895502645502646,0.912698412698413,0.892857142857143,0.00482872017427004,0.455595643605092,0.851700485663932,0.0170774713897361,"521439, 521480"
"Bottom 10%",2,60,0.826719576719577,0.761904761904762,0.808201058201058,0.00466022364272752,0.452473053558113,0.859103815162613,0.0164047790696037,"521472, 499737"
"Bottom 10%",2,61,0.917989417989418,0.933862433862434,0.887566137566138,0.00439283156663532,0.484930331368042,0.871687245558592,0.0140122556666369,"521471, 504129"
"Bottom 10%",2,62,0.841269841269842,0.896825396825397,0.871693121693122,0.00440118167652189,0.449857415504775,0.868156410805416,0.0137030453553113,"511102, 499701"
"Bottom 10%",2,63,0.794973544973545,0.76984126984127,0.791005291005291,0.00444788906881302,0.442941904635335,0.862604004690503,0.0153336035687321,"499738, 499683"
"Bottom 10%",2,64,0.846560846560846,0.816137566137566,0.777777777777778,0.00620179559258009,0.495856910383824,0.820548153712388,0.0235831570445768,"504129, 455930"
"Bottom 10%",2,65,0.873015873015873,0.818783068783069,0.855820105820105,0.00461583919674304,0.490917901506032,0.862653350290614,0.0156772756083856,"521895, 499701"
"Bottom 10%",2,66,0.636243386243386,0.813492063492063,0.546296296296296,0.00455825673025298,0.488190320726006,0.889386628970609,0.0119816230228399,"504129, 521476"
"Bottom 10%",2,67,0.927248677248677,0.899470899470899,0.895502645502645,0.00467403570087116,0.481028223511011,0.847906164517236,0.0176900765647625,"499721, 499737"
"Bottom 10%",2,68,0.798941798941799,0.768518518518519,0.797619047619047,0.00446073685324666,0.512401409559906,0.884576277296633,0.0143551221805214,"511072, 521975"
"Bottom 10%",2,69,0.683862433862434,0.843915343915344,0.648148148148148,0.00546762349987048,0.519515949959394,0.873538331361742,0.0127824767629805,"521447, 499716"
"Bottom 10%",2,70,0.817460317460317,0.916666666666667,0.71957671957672,0.00500644839470687,0.448758414623437,0.843616939531756,0.0185758806616819,"499719, 499683"
"Bottom 10%",2,71,0.845238095238095,0.768518518518518,0.797619047619047,0.00448769358661268,0.504389075061214,0.887140381385301,0.012928155997124,"511100, 511072"
"Bottom 10%",2,72,0.787037037037037,0.829365079365079,0.681216931216931,0.00465861184051882,0.509088133747734,0.88135322389183,0.0129452748799669,"521476, 521918"
"Bottom 10%",2,73,0.838624338624338,0.727513227513227,0.767195767195767,0.0041420697487622,0.449952265323593,0.8650087307887,0.0140665810784586,"455930, 521475"
"Bottom 10%",2,74,0.825396825396825,0.900793650793651,0.777777777777778,0.00446945620681467,0.478970548474967,0.847454366085132,0.0163957269570476,"499719, 521439"
"Bottom 10%",2,75,0.921957671957672,0.943121693121693,0.914021164021164,0.00438104460232707,0.449737800769594,0.878345948711923,0.0129322157582098,"521475, 521456"
"Bottom 10%",2,76,0.89021164021164,0.874338624338624,0.834656084656084,0.00453567611198489,0.49713975717479,0.884241345863512,0.0131085904155898,"455522, 521471"
"Bottom 10%",2,77,0.853174603174603,0.797619047619047,0.802910052910053,0.00470499062695201,0.428395083175034,0.846913852549321,0.0169517694821959,"521457, 499690"
"Bottom 10%",2,78,0.609788359788359,0.798941798941799,0.559523809523809,0.00492117699828979,0.489828630685857,0.832415395780727,0.0181043029206244,"521442, 521447"
"Bottom 10%",2,79,0.932539682539683,0.85978835978836,0.933862433862434,0.00492360924622077,0.481064017687173,0.889540995897924,0.0110562260025512,"521439, 521438"
"Bottom 10%",2,80,0.887566137566138,0.817460317460318,0.870370370370371,0.00462742435668335,0.51373326338197,0.871687028475387,0.0147512882700152,"521918, 499690"
"Bottom 10%",2,81,0.862433862433863,0.777777777777778,0.838624338624338,0.00471055757453761,0.509577087595729,0.875264390079383,0.0136690801621835,"521975, 521477"
"Bottom 10%",2,82,0.923280423280423,0.858465608465609,0.936507936507936,0.00407024472270263,0.422212751488513,0.874473297499557,0.01415370049739,"499737, 511102"
"Bottom 10%",2,83,0.849206349206349,0.902116402116403,0.861111111111112,0.00512921968738586,0.453287278974946,0.889786541330819,0.0130348162486255,"521975, 499704"
"Bottom 10%",2,84,0.834656084656084,0.936507936507937,0.787037037037037,0.00505131045469079,0.480328623076766,0.861358968728836,0.0155567325401501,"455522, 499734"
"Bottom 10%",2,85,0.931216931216931,0.884920634920635,0.915343915343916,0.00503402998681761,0.487685993803638,0.865656410632083,0.0150493310200503,"499719, 499737"
"Bottom 10%",2,86,0.886243386243386,0.914021164021165,0.83994708994709,0.00513988243551108,0.513113976514811,0.862766034668296,0.0148555697590582,"499704, 521455"
"Bottom 10%",2,87,0.907407407407408,0.887566137566138,0.914021164021164,0.0049449730314313,0.456853750883668,0.826506764125937,0.0199832900167782,"455930, 499716"
"Bottom 10%",2,88,0.826719576719577,0.681216931216931,0.794973544973545,0.00440725471244708,0.491106338794819,0.870082058916742,0.0141525911268082,"499682, 521480"
"Bottom 10%",2,89,0.772486772486772,0.841269841269841,0.681216931216931,0.0043652766088746,0.525242733144459,0.847787896088304,0.0165272917715616,"499737, 521476"
"Bottom 10%",2,90,0.582010582010582,0.830687830687831,0.503968253968254,0.00436783363769975,0.511094097765599,0.898046719674142,0.0107604160012008,"504129, 521456"
"Bottom 10%",2,91,0.828042328042328,0.888888888888889,0.802910052910053,0.00460907053621579,0.477226433376673,0.870281853530916,0.0141578865179059,"499734, 455910"
"Bottom 10%",2,92,0.83994708994709,0.87962962962963,0.841269841269841,0.00445805698925554,0.450057267544363,0.85664160160922,0.0157857841459545,"521441, 499704"
"Bottom 10%",2,93,0.595238095238095,0.937830687830688,0.547619047619048,0.00443204610233128,0.492332291285971,0.917833582507821,0.00844715276625111,"521456, 521895"
"Bottom 10%",2,94,0.855820105820106,0.771164021164021,0.862433862433862,0.00437349948332567,0.505556536827613,0.897814741428026,0.0104082597526853,"521907, 521457"
"Bottom 10%",2,95,0.87962962962963,0.784391534391534,0.865079365079365,0.00460045246582259,0.521378852588596,0.877123966129259,0.0136091905459089,"521475, 521471"
"Bottom 10%",2,96,0.751322751322751,0.887566137566138,0.759259259259259,0.00442744210510159,0.50495741082285,0.898241193019877,0.0100432996883531,"521474, 504129"
"Bottom 10%",2,97,0.650793650793651,0.776455026455026,0.444444444444444,0.00484869319144036,0.475263844038695,0.887343820511918,0.0124599529368455,"521439, 521975"
"Bottom 10%",2,98,0.91005291005291,0.883597883597884,0.888888888888889,0.00447999009625529,0.495227968871964,0.932579906441909,0.0063701979484926,"455522, 521455"
"Bottom 10%",2,99,0.75,0.912698412698413,0.747354497354497,0.00518417686574563,0.48657686804187,0.863665399479271,0.015186181330122,"499704, 521474"
"Bottom 10%",2,100,0.855820105820106,0.771164021164021,0.850529100529101,0.00457309356835045,0.471610611213418,0.860270164349078,0.0152267489276295,"521475, 499681"
"Random",2,1,0.866402116402116,0.83994708994709,0.814814814814815,0.00486494671033496,0.47728908813604,0.837137012714759,0.0185544514184777,"499707, 455947"
"Random",2,2,0.858465608465608,0.911375661375661,0.875661375661376,0.00504228923368356,0.469735560668943,0.854627316645093,0.016061236709903,"499721, 499710"
"Random",2,3,0.891534391534391,0.927248677248678,0.833333333333334,0.00424460036259847,0.480372854365786,0.870713159627038,0.0141521673229458,"455527, 499725"
"Random",2,4,0.907407407407408,0.887566137566137,0.87962962962963,0.00395302783040901,0.46798284662261,0.877384990213014,0.0132138852474783,"521913, 499700"
"Random",2,5,0.903439153439153,0.936507936507937,0.911375661375661,0.00387876123160142,0.418059586160238,0.885486096884084,0.012584431728725,"504107, 521503"
"Random",2,6,0.902116402116402,0.904761904761905,0.880952380952381,0.00496525540243409,0.486645581106051,0.874386568134156,0.015718996772599,"521900, 499740"
"Random",2,7,0.87962962962963,0.882275132275132,0.888888888888889,0.00496975871950546,0.493003592156409,0.868375817017271,0.0147492900848396,"521480, 521912"
"Random",2,8,0.834656084656085,0.822751322751323,0.715608465608466,0.00468483459014032,0.474386150764553,0.837438474437067,0.0185297936578614,"499726, 504141"
"Random",2,9,0.772486772486772,0.748677248677248,0.816137566137566,0.00443445215531303,0.502073911518408,0.868939613523074,0.0140847756182832,"455927, 521484"
"Random",2,10,0.742063492063492,0.882275132275132,0.529100529100529,0.00424606276490293,0.488723087281526,0.869833469704343,0.0143981302671079,"521973, 521944"
"Random",2,11,0.892857142857143,0.76984126984127,0.887566137566138,0.00480561046381774,0.488424296087043,0.885712757016474,0.0147299565614368,"521896, 499739"
"Random",2,12,0.896825396825397,0.812169312169312,0.908730158730159,0.00472692272307987,0.461757399028471,0.874849088248073,0.0151292660511563,"521949, 499693"
"Random",2,13,0.853174603174603,0.834656084656085,0.851851851851851,0.00555550456926443,0.506594458759594,0.817195099100123,0.0241967483294344,"455878, 504159"
"Random",2,14,0.904761904761905,0.911375661375662,0.845238095238095,0.00486110445368974,0.48473721405004,0.849162242238041,0.0172847661150288,"504106, 499700"
"Random",2,15,0.829365079365079,0.928571428571429,0.613756613756614,0.00469123061997737,0.491594910850087,0.873543637758852,0.0150098414407432,"521957, 521960"
"Random",2,16,0.892857142857143,0.882275132275132,0.886243386243386,0.00528351407755632,0.448227410900443,0.857486037236525,0.0174001213486834,"521966, 504160"
"Random",2,17,0.736772486772487,0.830687830687831,0.551587301587302,0.00442783711669472,0.483747742930219,0.847195658262665,0.0178432817071641,"521499, 455907"
"Random",2,18,0.89021164021164,0.838624338624339,0.828042328042328,0.00455426860398389,0.497258723578792,0.888528622847619,0.0116485910329483,"521456, 511089"
"Random",2,19,0.92989417989418,0.822751322751323,0.87962962962963,0.00531562690060025,0.50813355342214,0.861492505416595,0.0162179241539464,"521967, 455938"
"Random",2,20,0.936507936507937,0.96031746031746,0.838624338624338,0.00410852797512289,0.479513905292347,0.869069338173838,0.0146818417886736,"521444, 521934"
"Random",2,21,0.736772486772487,0.920634920634921,0.613756613756614,0.00441148152290463,0.529240526479879,0.875950128174175,0.0147096145101483,"521964, 521462"
"Random",2,22,0.896825396825397,0.861111111111111,0.898148148148148,0.0052137773222954,0.51463122360098,0.874701050810137,0.0147942425235749,"521926, 455886"
"Random",2,23,0.764550264550265,0.665343915343916,0.776455026455026,0.0048759251133994,0.503864592310769,0.851443502853436,0.0168424009535718,"521498, 499686"
"Random",2,24,0.908730158730159,0.886243386243387,0.882275132275132,0.00585771044895775,0.461523540544884,0.852246390976718,0.0194991178618684,"455880, 504120"
"Random",2,25,0.871693121693122,0.849206349206349,0.817460317460317,0.00439187800219782,0.509263211820017,0.857489369841752,0.0165104656642335,"521952, 511106"
"Random",2,26,0.92989417989418,0.932539682539683,0.928571428571429,0.00439977413393089,0.495453375915821,0.87324301729921,0.0144030353100907,"499708, 521459"
"Random",2,27,0.875661375661376,0.812169312169312,0.858465608465608,0.00468854427923095,0.505994131598858,0.859646393049998,0.0165936154869763,"511112, 511119"
"Random",2,28,0.854497354497354,0.791005291005291,0.830687830687831,0.00475265769641508,0.481275555690901,0.866623397955165,0.0161343950875513,"455908, 521939"
"Random",2,29,0.546296296296296,0.779100529100529,0.501322751322751,0.00434167688439896,0.452526909765709,0.89249598546398,0.0103773418630316,"499700, 504133"
"Random",2,30,0.695767195767196,0.932539682539683,0.544973544973545,0.00373352318316489,0.475643194758769,0.892760596331166,0.0117339549202657,"521913, 521466"
"Random",2,31,0.887566137566137,0.89021164021164,0.85978835978836,0.00404031144954027,0.49949384843848,0.864441791475138,0.0151393573307763,"521485, 521496"
"Random",2,32,0.90079365079365,0.865079365079365,0.892857142857143,0.00491560541364296,0.477804758200485,0.853761335514222,0.0157600595534326,"504111, 455896"
"Random",2,33,0.845238095238095,0.824074074074074,0.806878306878307,0.00427234633077047,0.482127211017966,0.858175022407329,0.0152134509503273,"521463, 455891"
"Random",2,34,0.863756613756614,0.775132275132275,0.814814814814815,0.00510002183811011,0.443365105393957,0.852998254508028,0.0156055549797678,"521437, 504131"
"Random",2,35,0.794973544973545,0.818783068783069,0.752645502645503,0.00493479633685317,0.48055941944631,0.859958282015621,0.0168713296507442,"521924, 521938"
"Random",2,36,0.808201058201058,0.723544973544973,0.791005291005291,0.00501959947535474,0.532609118406594,0.858719138198063,0.0163485833773223,"499715, 455928"
"Random",2,37,0.812169312169312,0.854497354497355,0.78968253968254,0.00492046982613714,0.529037127181807,0.861390206858928,0.0158236895502513,"521443, 499724"
"Random",2,38,0.851851851851852,0.793650793650794,0.789682539682539,0.00441009598704373,0.505770900277398,0.869764356036502,0.015244716402212,"511103, 521941"
"Random",2,39,0.834656084656084,0.891534391534392,0.641534391534392,0.0044586392124557,0.463680421760886,0.846785501941917,0.0182333148553865,"499687, 504175"
"Random",2,40,0.919312169312169,0.874338624338624,0.916666666666667,0.00427216473284521,0.520997614600111,0.89093813159308,0.0124571154400669,"521945, 521493"
"Random",2,41,0.833333333333334,0.914021164021164,0.747354497354498,0.00464762366966113,0.486029694294274,0.877493285373941,0.0140751519121664,"521920, 521973"
"Random",2,42,0.862433862433862,0.832010582010582,0.82010582010582,0.0049467984510055,0.497783644337087,0.868093357436888,0.0178669547960723,"455879, 504137"
"Random",2,43,0.912698412698413,0.952380952380953,0.862433862433862,0.00424090818715585,0.454619259200063,0.848079824624987,0.0163956593259074,"499696, 521452"
"Random",2,44,0.883597883597884,0.906084656084656,0.843915343915344,0.0052143113477909,0.520055798664773,0.860311615270245,0.016507497016494,"455891, 521905"
"Random",2,45,0.810846560846561,0.917989417989418,0.763227513227513,0.00507930566382987,0.476976220078244,0.859370039248637,0.0166705513536616,"521958, 455908"
"Random",2,46,0.841269841269841,0.744708994708994,0.8505291005291,0.00415135295017827,0.486420090759265,0.886029497431774,0.0131181898427514,"521481, 455521"
"Random",2,47,0.886243386243386,0.932539682539683,0.873015873015873,0.00523784827515094,0.472089326161696,0.869358596695906,0.0154640117675845,"504162, 504107"
"Random",2,48,0.8994708994709,0.757936507936508,0.880952380952381,0.00474201834379865,0.465662128309815,0.854668676494387,0.0163522392808512,"499700, 521470"
"Random",2,49,0.886243386243386,0.720899470899471,0.886243386243386,0.00514852208947391,0.492038669842084,0.832195052133903,0.0191207613553871,"455891, 504140"
"Random",2,50,0.838624338624338,0.943121693121694,0.798941798941799,0.00464533381138271,0.437039187241257,0.859805139126946,0.0162048375450346,"521922, 504151"
"Random",2,51,0.82010582010582,0.75,0.78968253968254,0.00486902803619321,0.519977517552352,0.883843928651357,0.015345239151933,"504153, 521899"
"Random",2,52,0.814814814814815,0.850529100529101,0.826719576719577,0.00610762540127136,0.500931450808082,0.833980764241931,0.0240695256078425,"455871, 455900"
"Random",2,53,0.908730158730158,0.925925925925926,0.888888888888889,0.0047470641231188,0.505806887777481,0.833394585488255,0.0195032479751195,"499693, 455908"
"Random",2,54,0.882275132275132,0.850529100529101,0.80026455026455,0.00454792254164782,0.494173558153299,0.878019828015564,0.0135750385099579,"504127, 511072"
"Random",2,55,0.884920634920635,0.824074074074074,0.841269841269841,0.00571091805521868,0.471080524704,0.823667964865077,0.0204707152277204,"504140, 504107"
"Random",2,56,0.894179894179894,0.841269841269841,0.834656084656084,0.00483744440253451,0.509973504031597,0.890374584986868,0.0124773484200364,"521966, 455521"
"Random",2,57,0.887566137566138,0.916666666666667,0.826719576719576,0.0044191247668096,0.491901227187081,0.894990443630752,0.0121524207647052,"511091, 521505"
"Random",2,58,0.816137566137566,0.783068783068783,0.731481481481481,0.00665239204252181,0.432251437495083,0.784814681307011,0.0272344053150537,"455930, 455938"
"Random",2,59,0.873015873015873,0.76984126984127,0.837301587301587,0.00416276301353458,0.498406983425547,0.891418384854418,0.0112848729305213,"521913, 455937"
"Random",2,60,0.712962962962963,0.767195767195767,0.664021164021164,0.00420968060817926,0.528000266478221,0.876307630691112,0.0135174164528443,"504142, 521497"
"Random",2,61,0.878306878306878,0.83994708994709,0.817460317460317,0.00425615279242351,0.488830717239626,0.88293893844778,0.013120899005638,"521465, 499742"
"Random",2,62,0.792328042328042,0.89021164021164,0.57010582010582,0.00465758177549485,0.513757170932905,0.849193418030263,0.0189331949348914,"504120, 504145"
"Random",2,63,0.888888888888889,0.895502645502645,0.832010582010582,0.0044627482358942,0.494200961346904,0.884117637397082,0.0136456261155468,"521493, 521918"
"Random",2,64,0.936507936507936,0.948412698412698,0.796296296296296,0.00512586605815943,0.468112618568895,0.83705067726097,0.019667415053677,"499704, 504121"
"Random",2,65,0.902116402116402,0.892857142857143,0.886243386243386,0.00860744351736814,0.507540125313027,0.790470058297676,0.0296605143919706,"455877, 455873"
"Random",2,66,0.906084656084656,0.826719576719577,0.85978835978836,0.00454544119119825,0.44523026263652,0.867220613250775,0.0157553622185505,"504171, 521919"
"Random",2,67,0.887566137566137,0.787037037037037,0.853174603174603,0.00442070966124042,0.512002746158929,0.846271350349625,0.0177245384162281,"499732, 521492"
"Random",2,68,0.866402116402116,0.832010582010582,0.810846560846561,0.0054947508535247,0.502449239441062,0.856119022148724,0.0200012046884606,"521962, 504144"
"Random",2,69,0.85978835978836,0.900793650793651,0.677248677248677,0.00414243388813498,0.488035184902855,0.862408522112059,0.0167104662571287,"455522, 504144"
"Random",2,70,0.87037037037037,0.870370370370371,0.794973544973545,0.00438334700206233,0.506811729212134,0.850974296834115,0.017188493269345,"521952, 521478"
"Random",2,71,0.847883597883598,0.906084656084656,0.822751322751323,0.00458964119102951,0.438495190653242,0.851871760468077,0.0151618637144775,"499716, 521489"
"Random",2,72,0.880952380952381,0.76984126984127,0.855820105820106,0.00441859055937702,0.484684547034105,0.897700947335387,0.0119406697359653,"521968, 455919"
"Random",2,73,0.876984126984127,0.743386243386243,0.866402116402117,0.0040852656014493,0.447582087622722,0.880776704639608,0.0121696710301023,"455933, 521442"
"Random",2,74,0.826719576719577,0.817460317460317,0.809523809523809,0.00448159445217245,0.441562994139947,0.862661428498833,0.0160921018992689,"521972, 499705"
"Random",2,75,0.931216931216931,0.94973544973545,0.843915343915344,0.00426259619043946,0.461681720152347,0.861478268606123,0.0155852353999542,"521934, 499718"
"Random",2,76,0.93915343915344,0.911375661375661,0.94973544973545,0.00485246776403632,0.48396852949392,0.87872105086869,0.0135276700730549,"504110, 521917"
"Random",2,77,0.78968253968254,0.78968253968254,0.719576719576719,0.00483972874023632,0.431393958033054,0.864213465488903,0.0160943978592169,"521957, 504155"
"Random",2,78,0.903439153439153,0.825396825396825,0.883597883597884,0.00483899415731732,0.500125189873151,0.871233756391233,0.0175189687334059,"521962, 521502"
"Random",2,79,0.518518518518518,0.937830687830688,0.637566137566138,0.00450321328442117,0.488209550562946,0.863374039385958,0.0168500037624991,"521448, 455880"
"Random",2,80,0.899470899470899,0.928571428571428,0.906084656084656,0.00544149141005909,0.47781963756353,0.865215091218561,0.0152362734240024,"521911, 455895"
"Random",2,81,0.772486772486772,0.944444444444445,0.484126984126984,0.00437554072421463,0.487906307357685,0.870702809542723,0.0148594977557996,"504110, 521448"
"Random",2,82,0.911375661375661,0.895502645502646,0.902116402116402,0.00504091824938866,0.491695679055148,0.876039462850112,0.0144842072450107,"504103, 455891"
"Random",2,83,0.851851851851851,0.912698412698413,0.753968253968254,0.00459853366055042,0.480110660853653,0.870813571486956,0.0144592919457264,"455929, 521942"
"Random",2,84,0.662698412698413,0.921957671957672,0.587301587301587,0.00480244332715366,0.474216881207608,0.87528958436886,0.0150956359549403,"521927, 504111"
"Random",2,85,0.833333333333333,0.907407407407408,0.752645502645502,0.00478218570229256,0.485422939006211,0.86691424597975,0.01609378650467,"499698, 521462"
"Random",2,86,0.843915343915344,0.892857142857143,0.735449735449735,0.00462480624313664,0.449506478274603,0.871701917057571,0.0146988761306403,"504156, 521911"
"Random",2,87,0.928571428571428,0.875661375661375,0.948412698412698,0.00464712335010707,0.485639252311024,0.890229667336293,0.0115661355986854,"455931, 511072"
"Random",2,88,0.822751322751322,0.802910052910053,0.74074074074074,0.00485540078020896,0.458263954567599,0.877468982524834,0.0137214664327983,"455912, 521895"
"Random",2,89,0.92989417989418,0.759259259259259,0.94047619047619,0.00425177617765468,0.475256266544593,0.858385325471012,0.0171034260365792,"521467, 521478"
"Random",2,90,0.832010582010582,0.776455026455026,0.787037037037037,0.00449217779354229,0.438005455611838,0.864825446476771,0.0150096744519831,"499710, 499684"
"Random",2,91,0.588624338624339,0.739417989417989,0.501322751322751,0.00466074741772194,0.511666399752675,0.873425304864288,0.0147020693631911,"521929, 455904"
"Random",2,92,0.87037037037037,0.933862433862434,0.833333333333333,0.00392813885372045,0.478020903484014,0.889727556020121,0.0125141398702224,"521479, 521902"
"Random",2,93,0.951058201058201,0.919312169312169,0.915343915343915,0.00464342136982516,0.426145103066042,0.894979889136606,0.0116730048265041,"455522, 504140"
"Random",2,94,0.876984126984127,0.685185185185185,0.908730158730159,0.00482905656501962,0.533852410057996,0.861326038638043,0.0150745947916739,"455890, 499703"
"Random",2,95,0.8994708994709,0.862433862433862,0.822751322751322,0.00438378385969072,0.471470000248202,0.876431336632322,0.0137336191004225,"521974, 511079"
"Random",2,96,0.943121693121694,0.925925925925926,0.878306878306878,0.00463578209886116,0.478824999155963,0.868261863516611,0.0144314889366409,"499747, 521476"
"Random",2,97,0.842592592592592,0.847883597883598,0.842592592592593,0.00511663276136369,0.510781611725507,0.845307232869128,0.0173659044269412,"499688, 499714"
"Random",2,98,0.865079365079365,0.743386243386243,0.830687830687831,0.00386031428081975,0.473714145692892,0.910110227098031,0.00914232451057976,"504128, 521485"
"Random",2,99,0.898148148148148,0.81084656084656,0.898148148148148,0.00476835228855437,0.461407095853627,0.847711143354726,0.0181799571404407,"499693, 455887"
"Random",2,100,0.81084656084656,0.748677248677248,0.833333333333333,0.0049607450703654,0.459018296201701,0.837727481796203,0.017546721628062,"521489, 504135"
