"tier","n_ref","repeat_id","ari","auc_both","auc_prop","auc_mean","recon_mse","ref_samples"
"Top 10%",2,1,0.857399105988769,0.675,0.595238095238095,0.678571428571428,0.00276662037268409,"804, 276"
"Top 10%",2,2,0.841163959261561,0.708333333333333,0.726190476190476,0.663095238095238,0.00310379533439426,"264, 591"
"Top 10%",2,3,0.843963882531449,0.788095238095238,0.755952380952381,0.663095238095238,0.00307809557198735,"591, 307"
"Top 10%",2,4,0.834946693137588,0.725,0.646428571428571,0.689285714285715,0.00297149488853328,"501, 791"
"Top 10%",2,5,0.853630675266687,0.720238095238095,0.736904761904762,0.682142857142857,0.0029890034940646,"264, 804"
"Top 10%",2,6,0.84923032053974,0.683333333333333,0.584523809523809,0.639285714285714,0.00304590180472477,"739, 89"
"Top 10%",2,7,0.844440021919169,0.691666666666667,0.685714285714286,0.639285714285714,0.00280108757265103,"791, 586"
"Top 10%",2,8,0.794664508077264,0.686904761904762,0.675,0.675,0.00234681836870211,"739, 501"
"Top 10%",2,9,0.795976591760061,0.660714285714286,0.648809523809524,0.639285714285714,0.00276598027404305,"501, 737"
"Top 10%",2,10,0.610526323239193,0.728571428571429,0.757142857142857,0.654761904761905,0.0025645920925959,"791, 307"
"Top 10%",2,11,0.875388130549851,0.689285714285715,0.66547619047619,0.678571428571428,0.00306891061274543,"89, 804"
"Top 10%",2,12,0.84903424613259,0.804761904761905,0.688095238095238,0.796428571428572,0.00286574013290484,"276, 89"
"Top 10%",2,13,0.854299206876705,0.73452380952381,0.710714285714286,0.695238095238095,0.00278140153116482,"501, 591"
"Top 10%",2,14,0.856859065670019,0.680952380952381,0.639285714285714,0.651190476190476,0.00301115815873749,"276, 591"
"Top 10%",2,15,0.866186381769803,0.635714285714286,0.691666666666667,0.605952380952381,0.00253582014053606,"586, 501"
"Top 10%",2,16,0.841267887474507,0.65952380952381,0.746428571428572,0.478571428571428,0.00291943021374006,"264, 791"
"Top 10%",2,17,0.85212318110506,0.632142857142857,0.711904761904762,0.577380952380952,0.00287352042267079,"591, 804"
"Top 10%",2,18,0.847309345996093,0.65,0.644047619047619,0.622619047619047,0.00277353601827812,"276, 739"
"Top 10%",2,19,0.843963882531449,0.788095238095238,0.755952380952381,0.663095238095238,0.00307809557198735,"591, 307"
"Top 10%",2,20,0.842569029547184,0.670238095238095,0.680952380952381,0.630952380952381,0.00274400418149396,"791, 276"
"Top 10%",2,21,0.79366575694636,0.655952380952381,0.657142857142857,0.654761904761905,0.00263419186229143,"347, 276"
"Top 10%",2,22,0.861707702919772,0.685714285714286,0.635714285714286,0.685714285714286,0.00262493440291316,"307, 739"
"Top 10%",2,23,0.852313169008079,0.652380952380952,0.644047619047619,0.611904761904762,0.00257636583561132,"586, 264"
"Top 10%",2,24,0.878037575013398,0.711904761904762,0.747619047619048,0.525,0.00260969888236097,"89, 347"
"Top 10%",2,25,0.866476057479656,0.65952380952381,0.764285714285714,0.575,0.00310861805752444,"739, 791"
"Top 10%",2,26,0.863723218683129,0.767857142857143,0.786904761904762,0.688095238095238,0.00278097101806281,"501, 264"
"Top 10%",2,27,0.610526323239193,0.728571428571429,0.757142857142857,0.654761904761905,0.0025645920925959,"307, 791"
"Top 10%",2,28,0.854241544979575,0.682142857142857,0.752380952380953,0.589285714285714,0.00277190599005172,"804, 347"
"Top 10%",2,29,0.849041508641743,0.678571428571428,0.676190476190476,0.655952380952381,0.00260620069806685,"586, 276"
"Top 10%",2,30,0.875388130549851,0.689285714285715,0.66547619047619,0.678571428571428,0.00306891061274543,"804, 89"
"Top 10%",2,31,0.854299206876705,0.73452380952381,0.710714285714286,0.695238095238095,0.00278140153116482,"591, 501"
"Top 10%",2,32,0.85212318110506,0.632142857142857,0.711904761904762,0.577380952380952,0.00287352042267079,"804, 591"
"Top 10%",2,33,0.859961132966204,0.677380952380952,0.669047619047619,0.591666666666666,0.00264031015034618,"347, 264"
"Top 10%",2,34,0.610526323239193,0.728571428571429,0.757142857142857,0.654761904761905,0.0025645920925959,"791, 307"
"Top 10%",2,35,0.610526323239193,0.728571428571429,0.757142857142857,0.654761904761905,0.0025645920925959,"307, 791"
"Top 10%",2,36,0.834946693137588,0.725,0.646428571428571,0.689285714285715,0.00297149488853328,"501, 791"
"Top 10%",2,37,0.813128368396299,0.713095238095238,0.529761904761905,0.707142857142857,0.00249993388241054,"737, 264"
"Top 10%",2,38,0.813128368396299,0.713095238095238,0.529761904761905,0.707142857142857,0.00249993388241054,"264, 737"
"Top 10%",2,39,0.861707702919772,0.685714285714286,0.635714285714286,0.685714285714286,0.00262493440291316,"739, 307"
"Top 10%",2,40,0.865580491886299,0.76547619047619,0.747619047619048,0.634523809523809,0.00272290225396498,"276, 264"
"Top 10%",2,41,0.77614138776294,0.455952380952381,0.636904761904762,0.459523809523809,0.00289755812792388,"791, 737"
"Top 10%",2,42,0.848020801205822,0.707142857142857,0.75952380952381,0.64047619047619,0.00257759777894442,"586, 737"
"Top 10%",2,43,0.866186381769803,0.635714285714286,0.691666666666667,0.605952380952381,0.00253582014053606,"501, 586"
"Top 10%",2,44,0.852607519587945,0.682142857142857,0.685714285714286,0.541666666666667,0.00316514384098878,"89, 591"
"Top 10%",2,45,0.865753744779993,0.771428571428571,0.75952380952381,0.641666666666667,0.00280945927114821,"347, 791"
"Top 10%",2,46,0.861707702919772,0.685714285714286,0.635714285714286,0.685714285714286,0.00262493440291316,"739, 307"
"Top 10%",2,47,0.848020801205822,0.707142857142857,0.75952380952381,0.64047619047619,0.00257759777894442,"737, 586"
"Top 10%",2,48,0.77614138776294,0.455952380952381,0.636904761904762,0.459523809523809,0.00289755812792388,"737, 791"
"Top 10%",2,49,0.840420171806396,0.652380952380952,0.671428571428571,0.64047619047619,0.00291242627682283,"347, 591"
"Top 10%",2,50,0.839905505136943,0.647619047619047,0.752380952380953,0.567857142857143,0.00298861875995367,"89, 307"
"Top 10%",2,51,0.852654759838151,0.829761904761905,0.773809523809524,0.723809523809524,0.00267500999344658,"804, 586"
"Top 10%",2,52,0.853630675266687,0.720238095238095,0.736904761904762,0.682142857142857,0.0029890034940646,"264, 804"
"Top 10%",2,53,0.883526549344048,0.572619047619047,0.588095238095238,0.573809523809524,0.00286312751093596,"307, 276"
"Top 10%",2,54,0.883526549344048,0.572619047619047,0.588095238095238,0.573809523809524,0.00286312751093596,"276, 307"
"Top 10%",2,55,0.853630675266687,0.720238095238095,0.736904761904762,0.682142857142857,0.0029890034940646,"264, 804"
"Top 10%",2,56,0.795976591760061,0.660714285714286,0.648809523809524,0.639285714285714,0.00276598027404305,"501, 737"
"Top 10%",2,57,0.880476943406251,0.598809523809524,0.592857142857143,0.584523809523809,0.00271841678800424,"89, 264"
"Top 10%",2,58,0.866025063176507,0.755952380952381,0.736904761904762,0.727380952380952,0.0026751123853913,"737, 89"
"Top 10%",2,59,0.880950265436332,0.642857142857143,0.620238095238095,0.628571428571429,0.0028176554635158,"739, 264"
"Top 10%",2,60,0.834946693137588,0.725,0.646428571428571,0.689285714285715,0.00297149488853328,"791, 501"
"Top 10%",2,61,0.862886114776108,0.673809523809524,0.652380952380952,0.664285714285714,0.00293561793390137,"501, 89"
"Top 10%",2,62,0.856324968353672,0.723809523809524,0.626190476190476,0.705952380952381,0.00282286127976823,"737, 307"
"Top 10%",2,63,0.835438856706954,0.710714285714286,0.741666666666667,0.658333333333333,0.00251878911056524,"347, 737"
"Top 10%",2,64,0.86353629706026,0.653571428571429,0.594047619047619,0.646428571428572,0.00274676916504157,"264, 307"
"Top 10%",2,65,0.857399105988769,0.675,0.595238095238095,0.678571428571428,0.00276662037268409,"276, 804"
"Top 10%",2,66,0.863723218683129,0.767857142857143,0.786904761904762,0.688095238095238,0.00278097101806281,"264, 501"
"Top 10%",2,67,0.848020801205822,0.707142857142857,0.75952380952381,0.64047619047619,0.00257759777894442,"586, 737"
"Top 10%",2,68,0.84903424613259,0.804761904761905,0.688095238095238,0.796428571428572,0.00286574013290484,"89, 276"
"Top 10%",2,69,0.859961132966204,0.677380952380952,0.669047619047619,0.591666666666666,0.00264031015034618,"347, 264"
"Top 10%",2,70,0.841163959261561,0.708333333333333,0.726190476190476,0.663095238095238,0.00310379533439426,"264, 591"
"Top 10%",2,71,0.863881029174039,0.59047619047619,0.677380952380952,0.591666666666666,0.00274777595497226,"501, 307"
"Top 10%",2,72,0.872456600946249,0.678571428571429,0.791666666666667,0.616666666666667,0.00277419118454001,"791, 804"
"Top 10%",2,73,0.842321108997241,0.738095238095238,0.682142857142857,0.689285714285714,0.00260736150857508,"739, 737"
"Top 10%",2,74,0.813128368396299,0.713095238095238,0.529761904761905,0.707142857142857,0.00249993388241054,"737, 264"
"Top 10%",2,75,0.881448063057324,0.584523809523809,0.620238095238095,0.575,0.00279752906307843,"739, 586"
"Top 10%",2,76,0.863881029174039,0.59047619047619,0.677380952380952,0.591666666666666,0.00274777595497226,"307, 501"
"Top 10%",2,77,0.843963882531449,0.788095238095238,0.755952380952381,0.663095238095238,0.00307809557198735,"307, 591"
"Top 10%",2,78,0.858318309179448,0.751190476190476,0.607142857142857,0.739285714285714,0.00273762070927396,"347, 586"
"Top 10%",2,79,0.852607519587945,0.682142857142857,0.685714285714286,0.541666666666667,0.00316514384098878,"89, 591"
"Top 10%",2,80,0.841267887474507,0.65952380952381,0.746428571428572,0.478571428571428,0.00291943021374006,"791, 264"
"Top 10%",2,81,0.863881029174039,0.59047619047619,0.677380952380952,0.591666666666666,0.00274777595497226,"307, 501"
"Top 10%",2,82,0.813128368396299,0.713095238095238,0.529761904761905,0.707142857142857,0.00249993388241054,"737, 264"
"Top 10%",2,83,0.865580491886299,0.76547619047619,0.747619047619048,0.634523809523809,0.00272290225396498,"276, 264"
"Top 10%",2,84,0.843963882531449,0.788095238095238,0.755952380952381,0.663095238095238,0.00307809557198735,"591, 307"
"Top 10%",2,85,0.838949627664227,0.757142857142857,0.689285714285714,0.721428571428572,0.00257126787506053,"501, 804"
"Top 10%",2,86,0.883526549344048,0.572619047619047,0.588095238095238,0.573809523809524,0.00286312751093596,"307, 276"
"Top 10%",2,87,0.883526549344048,0.572619047619047,0.588095238095238,0.573809523809524,0.00286312751093596,"276, 307"
"Top 10%",2,88,0.839905505136943,0.647619047619047,0.752380952380953,0.567857142857143,0.00298861875995367,"307, 89"
"Top 10%",2,89,0.852654759838151,0.829761904761905,0.773809523809524,0.723809523809524,0.00267500999344658,"804, 586"
"Top 10%",2,90,0.77614138776294,0.455952380952381,0.636904761904762,0.459523809523809,0.00289755812792388,"737, 791"
"Top 10%",2,91,0.844440021919169,0.691666666666667,0.685714285714286,0.639285714285714,0.00280108757265103,"791, 586"
"Top 10%",2,92,0.858777405899613,0.707142857142857,0.695238095238095,0.686904761904762,0.00287360495238387,"501, 276"
"Top 10%",2,93,0.866476057479656,0.65952380952381,0.764285714285714,0.575,0.00310861805752444,"739, 791"
"Top 10%",2,94,0.858777405899613,0.707142857142857,0.695238095238095,0.686904761904762,0.00287360495238387,"276, 501"
"Top 10%",2,95,0.852654759838151,0.829761904761905,0.773809523809524,0.723809523809524,0.00267500999344658,"586, 804"
"Top 10%",2,96,0.878037575013398,0.711904761904762,0.747619047619048,0.525,0.00260969888236097,"347, 89"
"Top 10%",2,97,0.858318309179448,0.751190476190476,0.607142857142857,0.739285714285714,0.00273762070927396,"347, 586"
"Top 10%",2,98,0.843963882531449,0.788095238095238,0.755952380952381,0.663095238095238,0.00307809557198735,"591, 307"
"Top 10%",2,99,0.859961132966204,0.677380952380952,0.669047619047619,0.591666666666666,0.00264031015034618,"347, 264"
"Top 10%",2,100,0.881448063057324,0.584523809523809,0.620238095238095,0.575,0.00279752906307843,"586, 739"
"Bottom 10%",2,1,0.86110839765183,0.654761904761905,0.754761904761905,0.634523809523809,0.00299478348637956,"587, 230"
"Bottom 10%",2,2,0.844505786856766,0.68452380952381,0.763095238095238,0.639285714285714,0.00282668586328044,"230, 224"
"Bottom 10%",2,3,0.859963346274057,0.591666666666666,0.65,0.577380952380952,0.00286972411954783,"255, 250"
"Bottom 10%",2,4,0.84954021835061,0.689285714285715,0.755952380952381,0.578571428571428,0.00269040689498997,"258, 251"
"Bottom 10%",2,5,0.848462318166292,0.783333333333333,0.75952380952381,0.729761904761905,0.00294912784638813,"551, 250"
"Bottom 10%",2,6,0.80006368941723,0.696428571428571,0.652380952380952,0.683333333333334,0.00273380686589666,"551, 771"
"Bottom 10%",2,7,0.848462318166292,0.783333333333333,0.75952380952381,0.729761904761905,0.00294912784638813,"551, 250"
"Bottom 10%",2,8,0.860415025984665,0.711904761904762,0.638095238095238,0.711904761904762,0.00307042362384443,"258, 92"
"Bottom 10%",2,9,0.833433013810261,0.723809523809524,0.707142857142857,0.711904761904762,0.00305653667778403,"255, 224"
"Bottom 10%",2,10,0.854393802614722,0.692857142857143,0.611904761904762,0.689285714285715,0.00341275723406343,"230, 770"
"Bottom 10%",2,11,0.850710765830681,0.621428571428571,0.616666666666666,0.609523809523809,0.00271755812604752,"92, 587"
"Bottom 10%",2,12,0.834350599564594,0.741666666666667,0.605952380952381,0.744047619047619,0.00290759394675239,"258, 230"
"Bottom 10%",2,13,0.864806119360228,0.707142857142857,0.420238095238095,0.70952380952381,0.00345731784357471,"255, 92"
"Bottom 10%",2,14,0.831619959112355,0.641666666666667,0.705952380952381,0.61547619047619,0.00283170644090057,"771, 587"
"Bottom 10%",2,15,0.849858874016637,0.704761904761905,0.746428571428572,0.633333333333333,0.00274408076909708,"251, 250"
"Bottom 10%",2,16,0.841283149580202,0.703571428571429,0.754761904761905,0.669047619047619,0.00301718534762273,"771, 258"
"Bottom 10%",2,17,0.847729199814939,0.64047619047619,0.666666666666667,0.625,0.00283776901356369,"224, 587"
"Bottom 10%",2,18,0.850175120185446,0.607142857142857,0.673809523809524,0.585714285714285,0.00279295258025206,"230, 250"
"Bottom 10%",2,19,0.859963346274057,0.591666666666666,0.65,0.577380952380952,0.00286972411954783,"255, 250"
"Bottom 10%",2,20,0.867594912335386,0.583333333333333,0.725,0.479761904761905,0.00273288266029764,"255, 587"
"Bottom 10%",2,21,0.831332104599776,0.684523809523809,0.682142857142857,0.613095238095238,0.00303710767373811,"771, 770"
"Bottom 10%",2,22,0.850175120185446,0.607142857142857,0.673809523809524,0.585714285714285,0.00279295258025206,"230, 250"
"Bottom 10%",2,23,0.866954231940339,0.679761904761905,0.696428571428571,0.603571428571429,0.00292219281151385,"250, 258"
"Bottom 10%",2,24,0.837850122247851,0.723809523809524,0.742857142857143,0.416666666666667,0.00319147832098758,"250, 92"
"Bottom 10%",2,25,0.85109995628632,0.752380952380952,0.554761904761905,0.726190476190476,0.0028485643919111,"525, 251"
"Bottom 10%",2,26,0.854393802614722,0.692857142857143,0.611904761904762,0.689285714285715,0.00341275723406343,"770, 230"
"Bottom 10%",2,27,0.862804932766108,0.663095238095238,0.702380952380952,0.639285714285715,0.00303624375964966,"770, 587"
"Bottom 10%",2,28,0.80006368941723,0.696428571428571,0.652380952380952,0.683333333333334,0.00273380686589666,"771, 551"
"Bottom 10%",2,29,0.851367944508164,0.617857142857142,0.634523809523809,0.533333333333333,0.00335200328080928,"525, 258"
"Bottom 10%",2,30,0.859421508131077,0.679761904761905,0.644047619047619,0.654761904761905,0.00310237274297372,"551, 255"
"Bottom 10%",2,31,0.857555658232917,0.682142857142857,0.752380952380952,0.554761904761905,0.00323653053038758,"92, 771"
"Bottom 10%",2,32,0.856674855285557,0.722619047619048,0.813095238095238,0.569047619047619,0.00278413846433967,"92, 230"
"Bottom 10%",2,33,0.864182659243289,0.646428571428571,0.732142857142857,0.596428571428571,0.00272019920456383,"525, 230"
"Bottom 10%",2,34,0.847729199814939,0.64047619047619,0.666666666666667,0.625,0.00283776901356369,"587, 224"
"Bottom 10%",2,35,0.86110839765183,0.654761904761905,0.754761904761905,0.634523809523809,0.00299478348637956,"587, 230"
"Bottom 10%",2,36,0.861650607483624,0.582142857142857,0.685714285714286,0.478571428571428,0.00319135141759128,"525, 770"
"Bottom 10%",2,37,0.837390642391287,0.605952380952381,0.698809523809524,0.573809523809523,0.00329990983537672,"92, 551"
"Bottom 10%",2,38,0.860415025984665,0.711904761904762,0.638095238095238,0.711904761904762,0.00307042362384443,"258, 92"
"Bottom 10%",2,39,0.853078577935059,0.727380952380952,0.747619047619048,0.666666666666667,0.00318866075641341,"251, 255"
"Bottom 10%",2,40,0.856750197135263,0.736904761904762,0.591666666666666,0.730952380952381,0.00260119640001831,"251, 770"
"Bottom 10%",2,41,0.851775400369139,0.670238095238095,0.733333333333334,0.609523809523809,0.00253463725276889,"771, 224"
"Bottom 10%",2,42,0.84935246420535,0.635714285714286,0.622619047619048,0.641666666666667,0.00310042617145131,"770, 92"
"Bottom 10%",2,43,0.861650607483624,0.582142857142857,0.685714285714286,0.478571428571428,0.00319135141759128,"525, 770"
"Bottom 10%",2,44,0.844967780498317,0.603571428571428,0.609523809523809,0.603571428571428,0.002701243839225,"230, 251"
"Bottom 10%",2,45,0.735502911511323,0.621428571428571,0.679761904761905,0.595238095238095,0.00276626401140698,"587, 251"
"Bottom 10%",2,46,0.799615622711313,0.670238095238095,0.767857142857143,0.603571428571428,0.0029225801620954,"230, 771"
"Bottom 10%",2,47,0.85641750282822,0.692857142857143,0.645238095238095,0.676190476190476,0.00280752193944989,"251, 551"
"Bottom 10%",2,48,0.735502911511323,0.621428571428571,0.679761904761905,0.595238095238095,0.00276626401140698,"587, 251"
"Bottom 10%",2,49,0.794609834819939,0.560714285714285,0.635714285714286,0.560714285714285,0.00292051254246615,"255, 771"
"Bottom 10%",2,50,0.859421508131077,0.679761904761905,0.644047619047619,0.654761904761905,0.00310237274297372,"551, 255"
"Bottom 10%",2,51,0.856774406455202,0.671428571428571,0.653571428571429,0.664285714285714,0.00291412900026552,"770, 250"
"Bottom 10%",2,52,0.849858874016637,0.704761904761905,0.746428571428572,0.633333333333333,0.00274408076909708,"250, 251"
"Bottom 10%",2,53,0.834350599564594,0.741666666666667,0.605952380952381,0.744047619047619,0.00290759394675239,"230, 258"
"Bottom 10%",2,54,0.834350599564594,0.741666666666667,0.605952380952381,0.744047619047619,0.00290759394675239,"258, 230"
"Bottom 10%",2,55,0.858648002617759,0.740476190476191,0.555952380952381,0.73452380952381,0.00269594777390376,"525, 224"
"Bottom 10%",2,56,0.853836462864742,0.666666666666667,0.622619047619048,0.65952380952381,0.00319414401684168,"92, 224"
"Bottom 10%",2,57,0.86200642987451,0.676190476190476,0.636904761904762,0.684523809523809,0.00301416681157034,"224, 251"
"Bottom 10%",2,58,0.735502911511323,0.621428571428571,0.679761904761905,0.595238095238095,0.00276626401140698,"251, 587"
"Bottom 10%",2,59,0.837390642391287,0.605952380952381,0.698809523809524,0.573809523809523,0.00329990983537672,"551, 92"
"Bottom 10%",2,60,0.85641750282822,0.692857142857143,0.645238095238095,0.676190476190476,0.00280752193944989,"551, 251"
"Bottom 10%",2,61,0.851775400369139,0.670238095238095,0.733333333333334,0.609523809523809,0.00253463725276889,"771, 224"
"Bottom 10%",2,62,0.86110839765183,0.654761904761905,0.754761904761905,0.634523809523809,0.00299478348637956,"230, 587"
"Bottom 10%",2,63,0.856750197135263,0.736904761904762,0.591666666666666,0.730952380952381,0.00260119640001831,"251, 770"
"Bottom 10%",2,64,0.831332104599776,0.684523809523809,0.682142857142857,0.613095238095238,0.00303710767373811,"771, 770"
"Bottom 10%",2,65,0.851367944508164,0.617857142857142,0.634523809523809,0.533333333333333,0.00335200328080928,"525, 258"
"Bottom 10%",2,66,0.859486147485324,0.695238095238095,0.721428571428572,0.435714285714286,0.00293627051015945,"255, 525"
"Bottom 10%",2,67,0.861650607483624,0.582142857142857,0.685714285714286,0.478571428571428,0.00319135141759128,"770, 525"
"Bottom 10%",2,68,0.799615622711313,0.670238095238095,0.767857142857143,0.603571428571428,0.0029225801620954,"230, 771"
"Bottom 10%",2,69,0.85344329755527,0.710714285714286,0.735714285714286,0.605952380952381,0.00289380619511777,"251, 771"
"Bottom 10%",2,70,0.843963700296934,0.714285714285714,0.725,0.673809523809524,0.00271428987157509,"551, 587"
"Bottom 10%",2,71,0.857555658232917,0.682142857142857,0.752380952380952,0.554761904761905,0.00323653053038758,"92, 771"
"Bottom 10%",2,72,0.799615622711313,0.670238095238095,0.767857142857143,0.603571428571428,0.0029225801620954,"771, 230"
"Bottom 10%",2,73,0.833720124443827,0.708333333333333,0.742857142857143,0.659523809523809,0.00311163967486974,"255, 258"
"Bottom 10%",2,74,0.794460566864047,0.679761904761905,0.729761904761905,0.611904761904762,0.00287216883863585,"250, 525"
"Bottom 10%",2,75,0.859323620181976,0.65952380952381,0.607142857142857,0.65952380952381,0.00379163891051234,"770, 551"
"Bottom 10%",2,76,0.850710765830681,0.621428571428571,0.616666666666666,0.609523809523809,0.00271755812604752,"92, 587"
"Bottom 10%",2,77,0.861650607483624,0.582142857142857,0.685714285714286,0.478571428571428,0.00319135141759128,"770, 525"
"Bottom 10%",2,78,0.851367944508164,0.617857142857142,0.634523809523809,0.533333333333333,0.00335200328080928,"258, 525"
"Bottom 10%",2,79,0.845136036156456,0.632142857142857,0.638095238095238,0.61547619047619,0.00302500891539656,"255, 230"
"Bottom 10%",2,80,0.851367944508164,0.617857142857142,0.634523809523809,0.533333333333333,0.00335200328080928,"525, 258"
"Bottom 10%",2,81,0.855037179526562,0.745238095238095,0.688095238095238,0.723809523809524,0.00314286413229122,"250, 224"
"Bottom 10%",2,82,0.629383452883922,0.744047619047619,0.75952380952381,0.56547619047619,0.00287588144272519,"250, 771"
"Bottom 10%",2,83,0.84954021835061,0.689285714285715,0.755952380952381,0.578571428571428,0.00269040689498997,"251, 258"
"Bottom 10%",2,84,0.858294824658502,0.526190476190476,0.663095238095238,0.497619047619048,0.00301055944382841,"770, 255"
"Bottom 10%",2,85,0.866954231940339,0.679761904761905,0.696428571428571,0.603571428571429,0.00292219281151385,"250, 258"
"Bottom 10%",2,86,0.859421508131077,0.679761904761905,0.644047619047619,0.654761904761905,0.00310237274297372,"255, 551"
"Bottom 10%",2,87,0.84954021835061,0.689285714285715,0.755952380952381,0.578571428571428,0.00269040689498997,"258, 251"
"Bottom 10%",2,88,0.857011816099415,0.620238095238095,0.634523809523809,0.54047619047619,0.00266129464498306,"551, 224"
"Bottom 10%",2,89,0.877220565413289,0.695238095238095,0.679761904761905,0.638095238095238,0.00309945786411428,"92, 525"
"Bottom 10%",2,90,0.850710765830681,0.621428571428571,0.616666666666666,0.609523809523809,0.00271755812604752,"587, 92"
"Bottom 10%",2,91,0.853042018698777,0.645238095238095,0.688095238095238,0.547619047619048,0.00280436994519621,"525, 551"
"Bottom 10%",2,92,0.86200642987451,0.676190476190476,0.636904761904762,0.684523809523809,0.00301416681157034,"251, 224"
"Bottom 10%",2,93,0.794609834819939,0.560714285714285,0.635714285714286,0.560714285714285,0.00292051254246615,"771, 255"
"Bottom 10%",2,94,0.864806119360228,0.707142857142857,0.420238095238095,0.70952380952381,0.00345731784357471,"255, 92"
"Bottom 10%",2,95,0.859589879279249,0.647619047619047,0.579761904761905,0.64047619047619,0.00286685434294664,"551, 258"
"Bottom 10%",2,96,0.861650607483624,0.582142857142857,0.685714285714286,0.478571428571428,0.00319135141759128,"525, 770"
"Bottom 10%",2,97,0.85109995628632,0.752380952380952,0.554761904761905,0.726190476190476,0.0028485643919111,"251, 525"
"Bottom 10%",2,98,0.859963346274057,0.591666666666666,0.65,0.577380952380952,0.00286972411954783,"250, 255"
"Bottom 10%",2,99,0.833720124443827,0.708333333333333,0.742857142857143,0.659523809523809,0.00311163967486974,"255, 258"
"Bottom 10%",2,100,0.861650607483624,0.582142857142857,0.685714285714286,0.478571428571428,0.00319135141759128,"525, 770"
"Random",2,1,0.624985267699484,0.714285714285714,0.773809523809524,0.701190476190476,0.00307967942920496,"307, 776"
"Random",2,2,0.844637237020692,0.757142857142857,0.601190476190476,0.742857142857143,0.00286458418962748,"229, 204"
"Random",2,3,0.849082514693302,0.720238095238096,0.717857142857143,0.679761904761905,0.00318741700025649,"92, 246"
"Random",2,4,0.855642584779695,0.691666666666667,0.716666666666667,0.614285714285714,0.00310815842393558,"767, 801"
"Random",2,5,0.849344701328845,0.725,0.753571428571429,0.647619047619048,0.0027569638882502,"276, 625"
"Random",2,6,0.788714937143383,0.658333333333333,0.645238095238095,0.654761904761905,0.00274912784903623,"621, 715"
"Random",2,7,0.8637841331785,0.570238095238095,0.701190476190476,0.563095238095238,0.00281376610498582,"373, 761"
"Random",2,8,0.823356933259313,0.698809523809524,0.472619047619048,0.698809523809524,0.00255313196654403,"608, 628"
"Random",2,9,0.851816917331216,0.673809523809524,0.646428571428571,0.64047619047619,0.00308119973895833,"87, 732"
"Random",2,10,0.839629683545303,0.675,0.632142857142857,0.673809523809524,0.00280901436966195,"446, 409"
"Random",2,11,0.866315342565007,0.559523809523809,0.714285714285714,0.46547619047619,0.00288530007625996,"236, 92"
"Random",2,12,0.809548218966183,0.538095238095238,0.659523809523809,0.492857142857143,0.0030241001810769,"679, 173"
"Random",2,13,0.852689592968187,0.686904761904762,0.672619047619048,0.632142857142857,0.00293634794008711,"88, 768"
"Random",2,14,0.843104768198194,0.732142857142857,0.644047619047619,0.716666666666667,0.00289960977782062,"215, 740"
"Random",2,15,0.864564332481625,0.544047619047619,0.678571428571429,0.503571428571429,0.00307681300384158,"801, 270"
"Random",2,16,0.79479007364645,0.619047619047619,0.598809523809524,0.622619047619048,0.00312212523413055,"167, 173"
"Random",2,17,0.846700347618549,0.770238095238095,0.727380952380953,0.707142857142857,0.00291153330969625,"215, 428"
"Random",2,18,0.843963882531449,0.788095238095238,0.755952380952381,0.663095238095238,0.00307809557198735,"591, 307"
"Random",2,19,0.808688153713445,0.678571428571429,0.714285714285714,0.571428571428571,0.00289797184337569,"245, 520"
"Random",2,20,0.873709764237911,0.576190476190476,0.609523809523809,0.572619047619047,0.00300051427828405,"223, 342"
"Random",2,21,0.862291455285651,0.704761904761905,0.671428571428571,0.617857142857143,0.00318321876604079,"211, 465"
"Random",2,22,0.851200813550779,0.453571428571429,0.564285714285714,0.65952380952381,0.0029062467857228,"213, 307"
"Random",2,23,0.843230295947489,0.694047619047619,0.667857142857143,0.658333333333333,0.00258277662652682,"628, 872"
"Random",2,24,0.861288877774631,0.692857142857143,0.609523809523809,0.672619047619048,0.00275483065336667,"587, 737"
"Random",2,25,0.783934250675971,0.607142857142857,0.535714285714286,0.601190476190476,0.00269812706367525,"224, 373"
"Random",2,26,0.842748521332182,0.70952380952381,0.689285714285714,0.673809523809524,0.00289584546094099,"258, 96"
"Random",2,27,0.833592413051002,0.679761904761905,0.766666666666667,0.597619047619047,0.0032079275473718,"940, 251"
"Random",2,28,0.862639429163985,0.753571428571429,0.755952380952381,0.70952380952381,0.00294050633060314,"96, 251"
"Random",2,29,0.882361929634326,0.672619047619048,0.560714285714286,0.678571428571428,0.00272435387389593,"322, 674"
"Random",2,30,0.862805430180383,0.686904761904762,0.644047619047619,0.65595238095238,0.00254082993133933,"801, 941"
"Random",2,31,0.853905710322455,0.771428571428572,0.772619047619048,0.644047619047619,0.00250761085494251,"767, 270"
"Random",2,32,0.853548526859407,0.642857142857143,0.614285714285714,0.617857142857143,0.00345067842065258,"413, 551"
"Random",2,33,0.853880499759501,0.56547619047619,0.726190476190477,0.510714285714286,0.00276542295895565,"297, 258"
"Random",2,34,0.848254296556179,0.746428571428571,0.751190476190476,0.692857142857143,0.00307669146977734,"259, 246"
"Random",2,35,0.889315236837306,0.633333333333333,0.638095238095238,0.633333333333333,0.00276068319018453,"154, 465"
"Random",2,36,0.870928899253714,0.673809523809524,0.536904761904762,0.689285714285714,0.00292928397903372,"257, 867"
"Random",2,37,0.854736337064479,0.717857142857143,0.596428571428571,0.707142857142857,0.00256421804301946,"465, 390"
"Random",2,38,0.851852134488008,0.695238095238095,0.638095238095238,0.661904761904762,0.00301748273924039,"208, 732"
"Random",2,39,0.848766291496046,0.664285714285714,0.655952380952381,0.571428571428571,0.00350668591823961,"232, 776"
"Random",2,40,0.859724725446028,0.679761904761905,0.686904761904762,0.59047619047619,0.00272357059000557,"761, 739"
"Random",2,41,0.853584900207785,0.757142857142857,0.797619047619048,0.703571428571429,0.00289323322739253,"719, 520"
"Random",2,42,0.846983574120065,0.691666666666667,0.758333333333334,0.621428571428571,0.00256612453735517,"791, 236"
"Random",2,43,0.713817998397786,0.70952380952381,0.771428571428572,0.673809523809524,0.0029043609753329,"223, 264"
"Random",2,44,0.854245169811946,0.672619047619048,0.628571428571429,0.671428571428571,0.00291116776609898,"774, 231"
"Random",2,45,0.853514164689526,0.61547619047619,0.751190476190476,0.502380952380952,0.00282053684652561,"246, 732"
"Random",2,46,0.855966973431232,0.791666666666667,0.728571428571429,0.745238095238095,0.00286700891084875,"169, 322"
"Random",2,47,0.854026243403799,0.547619047619047,0.628571428571429,0.49047619047619,0.00302843705767445,"380, 342"
"Random",2,48,0.840395215809663,0.75952380952381,0.740476190476191,0.644047619047619,0.00272389644403229,"761, 276"
"Random",2,49,0.853604770625143,0.614285714285714,0.704761904761905,0.6,0.00273750882746687,"801, 295"
"Random",2,50,0.851795117365427,0.708333333333333,0.745238095238095,0.602380952380952,0.00316095611773642,"246, 603"
"Random",2,51,0.813110935510103,0.748809523809524,0.754761904761905,0.665476190476191,0.00301380152600296,"776, 940"
"Random",2,52,0.873921801516068,0.678571428571428,0.738095238095238,0.536904761904762,0.00255215025673027,"719, 711"
"Random",2,53,0.861048590752179,0.629761904761905,0.661904761904762,0.557142857142857,0.00256761892739086,"171, 270"
"Random",2,54,0.863178275020195,0.654761904761905,0.563095238095238,0.692857142857143,0.00294653591275038,"768, 322"
"Random",2,55,0.879730857089602,0.669047619047619,0.420238095238095,0.658333333333334,0.00323101608262244,"437, 804"
"Random",2,56,0.849100581670904,0.689285714285715,0.725,0.638095238095238,0.00274415352822785,"603, 288"
"Random",2,57,0.833593500736619,0.723809523809524,0.730952380952381,0.683333333333333,0.00268729119035156,"867, 215"
"Random",2,58,0.862182814007309,0.758333333333334,0.676190476190476,0.661904761904762,0.00313322395688268,"633, 167"
"Random",2,59,0.842482080650689,0.689285714285715,0.735714285714286,0.621428571428571,0.00298728860212588,"520, 603"
"Random",2,60,0.850296463286511,0.744047619047619,0.785714285714286,0.477380952380952,0.00255420429499235,"767, 591"
"Random",2,61,0.822393098430654,0.683333333333333,0.708333333333333,0.678571428571429,0.00283621956724943,"621, 586"
"Random",2,62,0.858219287610347,0.680952380952381,0.610714285714285,0.680952380952381,0.00264066541857402,"264, 208"
"Random",2,63,0.850147051570659,0.696428571428572,0.613095238095238,0.672619047619047,0.00295714925860961,"373, 633"
"Random",2,64,0.859399810567477,0.663095238095238,0.689285714285714,0.663095238095238,0.00336777716304008,"520, 776"
"Random",2,65,0.853492822428357,0.61547619047619,0.633333333333333,0.597619047619047,0.00290732160205354,"868, 380"
"Random",2,66,0.850819266999308,0.613095238095238,0.630952380952381,0.602380952380952,0.0026904496273279,"380, 214"
"Random",2,67,0.871174392837506,0.714285714285715,0.723809523809524,0.621428571428571,0.00301336414672841,"774, 525"
"Random",2,68,0.849025955687746,0.747619047619048,0.74047619047619,0.727380952380952,0.00295539596839082,"97, 501"
"Random",2,69,0.846016721245198,0.745238095238095,0.648809523809524,0.694047619047619,0.00278644220995941,"208, 628"
"Random",2,70,0.857751710599782,0.694047619047619,0.660714285714285,0.614285714285714,0.00282554151719516,"390, 88"
"Random",2,71,0.854544034738158,0.742857142857143,0.597619047619047,0.744047619047619,0.00278482621110389,"96, 360"
"Random",2,72,0.853937600934836,0.726190476190476,0.740476190476191,0.661904761904762,0.00283126440782073,"442, 801"
"Random",2,73,0.851228828140177,0.626190476190476,0.730952380952381,0.536904761904762,0.00287139049327019,"224, 390"
"Random",2,74,0.888908652563378,0.635714285714285,0.613095238095238,0.628571428571428,0.00259971598196731,"551, 204"
"Random",2,75,0.858980504677996,0.744047619047619,0.626190476190476,0.729761904761905,0.0026527795055684,"232, 872"
"Random",2,76,0.858194158719346,0.633333333333333,0.685714285714286,0.623809523809524,0.00278630111051274,"360, 591"
"Random",2,77,0.846608381371171,0.689285714285715,0.667857142857143,0.630952380952381,0.00282338959652946,"295, 257"
"Random",2,78,0.847942433489165,0.75,0.727380952380952,0.755952380952381,0.00272581268331292,"737, 167"
"Random",2,79,0.856580885332236,0.690476190476191,0.592857142857143,0.620238095238095,0.0029375841401108,"208, 621"
"Random",2,80,0.834866642696225,0.675,0.752380952380952,0.65952380952381,0.00326039987103179,"223, 224"
"Random",2,81,0.890747964978236,0.589285714285714,0.701190476190476,0.492857142857143,0.00289520002003148,"750, 257"
"Random",2,82,0.845876988380308,0.8,0.763095238095238,0.763095238095238,0.00294722308682794,"264, 295"
"Random",2,83,0.854844607099843,0.740476190476191,0.683333333333333,0.742857142857143,0.00290656536641895,"551, 259"
"Random",2,84,0.86739198141845,0.707142857142857,0.738095238095238,0.575,0.00268478396357439,"501, 940"
"Random",2,85,0.890899286056204,0.594047619047619,0.725,0.528571428571428,0.00285256507968146,"880, 297"
"Random",2,86,0.853402886194699,0.539285714285714,0.698809523809524,0.526190476190476,0.00291677967078873,"777, 258"
"Random",2,87,0.763876416324778,0.710714285714286,0.664285714285714,0.634523809523809,0.00299832261448381,"737, 750"
"Random",2,88,0.864133470904761,0.779761904761905,0.715476190476191,0.729761904761905,0.00281887037579239,"525, 501"
"Random",2,89,0.846182355348875,0.721428571428571,0.741666666666667,0.697619047619048,0.00293973346640971,"257, 358"
"Random",2,90,0.8561356375477,0.685714285714286,0.625,0.690476190476191,0.00289690752508195,"276, 520"
"Random",2,91,0.877617372162726,0.627380952380952,0.620238095238095,0.613095238095238,0.00336507200256651,"625, 723"
"Random",2,92,0.856211572733305,0.658333333333333,0.636904761904762,0.6,0.00264045359163997,"940, 293"
"Random",2,93,0.844785274335064,0.744047619047619,0.655952380952381,0.729761904761905,0.003264059261894,"364, 719"
"Random",2,94,0.870770863550723,0.634523809523809,0.654761904761905,0.646428571428571,0.00299937502684358,"88, 603"
"Random",2,95,0.847194691005588,0.771428571428572,0.766666666666667,0.701190476190476,0.00243510929350276,"245, 867"
"Random",2,96,0.848050825422829,0.697619047619048,0.755952380952381,0.663095238095238,0.00312987623545362,"334, 241"
"Random",2,97,0.841838938249723,0.729761904761905,0.733333333333334,0.641666666666666,0.00288458171651432,"747, 215"
"Random",2,98,0.851560790504269,0.716666666666667,0.733333333333333,0.692857142857143,0.00293563553565885,"297, 740"
"Random",2,99,0.849232704296285,0.794047619047619,0.751190476190476,0.701190476190476,0.00261387423000919,"747, 440"
"Random",2,100,0.856782253729755,0.702380952380953,0.728571428571429,0.652380952380953,0.00294750667843658,"295, 768"
