"cells_per_sample","sample_id","ari","n_cells_actual"
1000,"87",0.580408447702672,1000
1000,"88",0.616733143531376,1000
1000,"89",0.515454408857807,1000
1000,"92",0.84758810691856,1000
1000,"96",0.68748467112417,1000
1000,"97",0.596305697582276,1000
1000,"103",0.581444782226835,1000
1000,"152",0.600163742710759,1000
1000,"154",0.584958978418009,1000
1000,"167",0.588251328319316,1000
1000,"169",0.589436057339222,1000
1000,"171",0.509985819967018,1000
1000,"173",0.68224393145518,1000
1000,"204",0.615463323807861,1000
1000,"208",0.746850585360413,1000
1000,"211",0.640706566563047,1000
1000,"213",0.62943681462385,1000
1000,"214",0.603976091264937,1000
1000,"215",0.738406258353059,1000
1000,"223",0.652242128624893,1000
1000,"224",0.761988331803996,1000
1000,"229",0.535706437181382,1000
1000,"230",0.718192590639935,1000
1000,"231",0.73119128956542,1000
1000,"232",0.602546542354698,1000
1000,"236",0.655446478979381,1000
1000,"241",0.7268315407919,1000
1000,"245",0.705453956174663,1000
1000,"246",0.708680192866495,1000
1000,"250",0.804697142089067,1000
1000,"251",0.646303202099351,1000
1000,"255",0.701602933280143,1000
1000,"257",0.622291579446922,1000
1000,"258",0.541877015824051,1000
1000,"259",0.547802372997557,1000
1000,"260",0.719104203925196,1000
1000,"264",0.600349385185004,1000
1000,"270",0.634823521033735,1000
1000,"276",0.585788159505958,1000
1000,"288",0.637109008289542,1000
1000,"293",0.620938881030949,1000
1000,"295",0.653709069162278,1000
1000,"297",0.577390447467016,1000
1000,"307",0.612330864757752,1000
1000,"322",0.712935764269631,1000
1000,"334",0.664424594496253,1000
1000,"342",0.767276350033899,1000
1000,"347",0.582367815476926,1000
1000,"358",0.68884876386171,1000
1000,"360",0.693272304909995,1000
1000,"364",0.557295119186835,1000
1000,"373",0.691193552445391,1000
1000,"380",0.51277966707634,1000
1000,"390",0.684766036510481,1000
1000,"406",0.589581921773162,1000
1000,"409",0.599105021467485,1000
1000,"413",0.664017328957502,1000
1000,"428",0.749129921590274,1000
1000,"437",0.584108668136769,1000
1000,"440",0.653102211424574,1000
1000,"442",0.545911903286867,1000
1000,"446",0.659654254891471,1000
1000,"465",0.783528111039608,1000
1000,"501",0.563846045675962,1000
1000,"520",0.692268668277806,1000
1000,"525",0.467415736764156,1000
1000,"528",0.643699716736373,1000
1000,"551",0.886339506985797,1000
1000,"586",0.633517343663762,1000
1000,"587",0.612875321552811,1000
1000,"591",0.616475574673598,1000
1000,"603",0.59091472805297,1000
1000,"608",0.611863030421249,1000
1000,"621",0.66452743216639,1000
1000,"625",0.649900601330277,1000
1000,"628",0.582519370291955,1000
1000,"633",0.682423980693896,1000
1000,"674",0.614221051665483,1000
1000,"679",0.726828348236442,1000
1000,"702",0.561087372940303,1000
1000,"710",0.621319522863092,1000
1000,"711",0.607043012233527,1000
1000,"715",0.634675250307691,1000
1000,"717",0.630458780232481,1000
1000,"719",0.575799838502005,1000
1000,"723",0.55854175564627,1000
1000,"732",0.540440687510671,1000
1000,"737",0.546598345569241,1000
1000,"739",0.563759489525033,1000
1000,"740",0.633451489675091,1000
1000,"747",0.612029217904091,1000
1000,"750",0.523641637784293,1000
1000,"761",0.619096705508043,1000
1000,"767",0.590130786943937,1000
1000,"768",0.52727839108698,1000
1000,"770",0.662320259031499,1000
1000,"771",0.537681544209138,1000
1000,"774",0.630302998446423,1000
1000,"776",0.710496553099186,1000
1000,"777",0.58197097585187,1000
1000,"791",0.611930516509764,1000
1000,"801",0.674207563331617,1000
1000,"804",0.660729647748432,1000
1000,"805",0.606284507665401,1000
1000,"867",0.683724047223494,1000
1000,"868",0.593362992936617,1000
1000,"872",0.596518699104383,1000
1000,"880",0.501115299627905,1000
1000,"894",0.584974859316861,1000
1000,"940",0.680708353768141,1000
1000,"941",0.73695446254721,1000
2000,"87",0.579404594070394,2000
2000,"88",0.624745235863006,2000
2000,"89",0.533008571499234,2000
2000,"92",0.81190933580523,2000
2000,"96",0.684591074111702,2000
2000,"97",0.578648859420672,2000
2000,"103",0.597096942268777,2000
2000,"152",0.584302197700738,2000
2000,"154",0.610661072246875,2000
2000,"167",0.612010980373648,2000
2000,"169",0.608181660920029,2000
2000,"171",0.527132576425968,2000
2000,"173",0.683823148283742,2000
2000,"204",0.632441260353635,2000
2000,"208",0.753158951417471,2000
2000,"211",0.637984487900056,2000
2000,"213",0.629846617337823,2000
2000,"214",0.66845190010329,2000
2000,"215",0.745903874899425,2000
2000,"223",0.663046327848927,2000
2000,"224",0.756517024945887,2000
2000,"229",0.53702616511699,2000
2000,"230",0.73117956834774,2000
2000,"231",0.719410047527355,2000
2000,"232",0.584828920711499,2000
2000,"236",0.668680825257086,2000
2000,"241",0.69223289516275,2000
2000,"245",0.704789679283389,2000
2000,"246",0.697146158843325,2000
2000,"250",0.817179306243025,2000
2000,"251",0.642395241224813,2000
2000,"255",0.67330197633542,2000
2000,"257",0.616689488192001,2000
2000,"258",0.579805888707357,2000
2000,"259",0.571967706978827,2000
2000,"260",0.712670072206733,2000
2000,"264",0.610055117345459,2000
2000,"270",0.641605718149923,2000
2000,"276",0.593664081059077,2000
2000,"288",0.647908886516294,2000
2000,"293",0.599827620793128,2000
2000,"295",0.683173277377781,2000
2000,"297",0.585668235022406,2000
2000,"307",0.618053183807571,2000
2000,"322",0.715686677989677,2000
2000,"334",0.69461059321831,2000
2000,"342",0.736519513938869,2000
2000,"347",0.585964218832789,2000
2000,"358",0.730712085042304,2000
2000,"360",0.683009092279158,2000
2000,"364",0.590435066592713,2000
2000,"373",0.675171176467293,2000
2000,"380",0.493457623697926,2000
2000,"390",0.639031954732758,2000
2000,"406",0.612634495365209,2000
2000,"409",0.64252004180156,2000
2000,"413",0.65396295593836,2000
2000,"428",0.770899133479588,2000
2000,"437",0.56950381781647,2000
2000,"440",0.643324955715706,2000
2000,"442",0.543182886174842,2000
2000,"446",0.698489143386762,2000
2000,"465",0.704163696646995,2000
2000,"501",0.601455406591604,2000
2000,"520",0.674933060910211,2000
2000,"525",0.466338895096249,2000
2000,"528",0.662924137679732,2000
2000,"551",0.878449635800281,2000
2000,"586",0.637669905644661,2000
2000,"587",0.640822633203375,2000
2000,"591",0.588442624874024,2000
2000,"603",0.614537953313577,2000
2000,"608",0.606709028564288,2000
2000,"621",0.694152028475393,2000
2000,"625",0.617234920848809,2000
2000,"628",0.59893052220334,2000
2000,"633",0.679014420813425,2000
2000,"674",0.608100330538437,2000
2000,"679",0.737085750605627,2000
2000,"702",0.537498596898509,2000
2000,"710",0.641257042510285,2000
2000,"711",0.603272423614603,2000
2000,"715",0.640694570075303,2000
2000,"717",0.62402350456397,2000
2000,"719",0.578976407523828,2000
2000,"723",0.578432136177157,2000
2000,"732",0.550317753085258,2000
2000,"737",0.573164507995103,2000
2000,"739",0.557746273662762,2000
2000,"740",0.622595207286789,2000
2000,"747",0.633896189858186,2000
2000,"750",0.525068392225224,2000
2000,"761",0.610044936737689,2000
2000,"767",0.640271976010606,2000
2000,"768",0.522666658773805,2000
2000,"770",0.649686748168708,2000
2000,"771",0.583890122512863,2000
2000,"774",0.629407731235178,2000
2000,"776",0.692872610568696,2000
2000,"777",0.566781891933644,2000
2000,"791",0.641186264454361,2000
2000,"801",0.660524644912213,2000
2000,"804",0.664814643503174,2000
2000,"805",0.658701465991827,2000
2000,"867",0.673093008972302,2000
2000,"868",0.614666521161442,2000
2000,"872",0.59352012036534,2000
2000,"880",0.500608133792054,2000
2000,"894",0.592630286050682,2000
2000,"940",0.660499423700742,2000
2000,"941",0.73992543986241,2000
3000,"87",0.83429083872216,3000
3000,"88",0.801624231269173,3000
3000,"89",0.920290652167935,3000
3000,"92",0.891267109382225,3000
3000,"96",0.823827399755252,3000
3000,"97",0.844611511468629,3000
3000,"103",0.895611846147319,3000
3000,"152",0.859945321143653,3000
3000,"154",0.892243851844741,3000
3000,"167",0.751595536104492,3000
3000,"169",0.889066678004984,3000
3000,"171",0.73292480913262,3000
3000,"173",0.909246988235868,3000
3000,"204",0.851556158613023,3000
3000,"208",0.880533639680854,3000
3000,"211",0.852666585577186,3000
3000,"213",0.872380454707659,3000
3000,"214",0.879385700496809,3000
3000,"215",0.85061315369975,3000
3000,"223",0.888550405074196,3000
3000,"224",0.897066901022885,3000
3000,"229",0.896184646693056,3000
3000,"230",0.859493120727192,3000
3000,"231",0.889897473870016,3000
3000,"232",0.908216635871373,3000
3000,"236",0.87723501504666,3000
3000,"241",0.851684475142253,3000
3000,"245",0.852317069199256,3000
3000,"246",0.88182105069181,3000
3000,"250",0.855970654100558,3000
3000,"251",0.901426691315129,3000
3000,"255",0.891020291089081,3000
3000,"257",0.90549354564293,3000
3000,"258",0.844348105708086,3000
3000,"259",0.929548732462016,3000
3000,"260",0.873757790221153,3000
3000,"264",0.855450451542608,3000
3000,"270",0.92627526847652,3000
3000,"276",0.90825367868799,3000
3000,"288",0.863927015107753,3000
3000,"293",0.872053497844974,3000
3000,"295",0.783191585370428,3000
3000,"297",0.896977001366329,3000
3000,"307",0.786842997813287,3000
3000,"322",0.838257064327545,3000
3000,"334",0.814472192035173,3000
3000,"342",0.850394468074112,3000
3000,"347",0.823198272272652,3000
3000,"358",0.904341760473462,3000
3000,"360",0.774713299931297,3000
3000,"364",0.889767359949198,3000
3000,"373",0.868919439203182,3000
3000,"380",0.776279756814151,3000
3000,"390",0.82823923720642,3000
3000,"406",0.825699599842411,3000
3000,"409",0.841983194926647,3000
3000,"413",0.838804067265191,3000
3000,"428",0.932330207507285,3000
3000,"437",0.894455708853177,3000
3000,"440",0.781734742575823,3000
3000,"442",0.848319385139277,3000
3000,"446",0.906022220928549,3000
3000,"465",0.852947103680598,3000
3000,"501",0.882595031643474,3000
3000,"520",0.842609782523442,3000
3000,"525",0.895503941826324,3000
3000,"528",0.879216148978427,3000
3000,"551",0.894973518282613,3000
3000,"586",0.870079026781699,3000
3000,"587",0.774827058959261,3000
3000,"591",0.892058621981304,3000
3000,"603",0.815992431875078,3000
3000,"608",0.941694852291466,3000
3000,"621",0.910472875136138,3000
3000,"625",0.88451110921803,3000
3000,"628",0.859969723302764,3000
3000,"633",0.894851066213699,3000
3000,"674",0.804455653716423,3000
3000,"679",0.834008120888635,3000
3000,"702",0.893826510650207,3000
3000,"710",0.855179074950654,3000
3000,"711",0.882331236730096,3000
3000,"715",0.899029130724693,3000
3000,"717",0.795104229581596,3000
3000,"719",0.829379552315577,3000
3000,"723",0.933496724884469,3000
3000,"732",0.90848262457423,3000
3000,"737",0.832433777228749,3000
3000,"739",0.84176800263119,3000
3000,"740",0.905985066774237,3000
3000,"747",0.909939468013435,3000
3000,"750",0.893252761275933,3000
3000,"761",0.863811517121305,3000
3000,"767",0.785202597079386,3000
3000,"768",0.690878354061604,3000
3000,"770",0.860372096348582,3000
3000,"771",0.715555247917688,3000
3000,"774",0.861821156960988,3000
3000,"776",0.792493952916937,3000
3000,"777",0.861671487332546,3000
3000,"791",0.859078301340472,3000
3000,"801",0.857951357120527,3000
3000,"804",0.874909877905184,3000
3000,"805",0.801779215042851,3000
3000,"867",0.822317139000437,3000
3000,"868",0.879039846033396,3000
3000,"872",0.878176901590656,3000
3000,"880",0.738935044648736,3000
3000,"894",0.84036823710355,3000
3000,"940",0.86815189727997,3000
3000,"941",0.87454109314462,3000
4000,"87",0.797809292113063,4000
4000,"88",0.668642917313261,4000
4000,"89",0.880762214222968,4000
4000,"92",0.88614995070248,4000
4000,"96",0.838050659421533,4000
4000,"97",0.753554299381779,4000
4000,"103",0.881619552384909,4000
4000,"152",0.75020801964735,4000
4000,"154",0.880479776882863,4000
4000,"167",0.688622069724125,4000
4000,"169",0.82020989569849,4000
4000,"171",0.790369374662836,4000
4000,"173",0.643519672122456,4000
4000,"204",0.662432708421861,4000
4000,"208",0.682956855043345,4000
4000,"211",0.852076366938013,4000
4000,"213",0.845730479935455,4000
4000,"214",0.753502831161364,4000
4000,"215",0.859220357395754,4000
4000,"223",0.852880969248721,4000
4000,"224",0.888889458114781,4000
4000,"229",0.851003905618274,4000
4000,"230",0.825775238719962,4000
4000,"231",0.885295004706795,4000
4000,"232",0.826534397224263,4000
4000,"236",0.881355025804219,4000
4000,"241",0.774167296227153,4000
4000,"245",0.691718905651344,4000
4000,"246",0.852755459337104,4000
4000,"250",0.868198757179536,4000
4000,"251",0.881569742838854,4000
4000,"255",0.892872970240387,4000
4000,"257",0.746844272677159,4000
4000,"258",0.797879159452514,4000
4000,"259",0.83599516173408,4000
4000,"260",0.870260340372047,4000
4000,"264",0.842131832704517,4000
4000,"270",0.883442623012162,4000
4000,"276",0.860247290318836,4000
4000,"288",0.746075774340699,4000
4000,"293",0.859056883240932,4000
4000,"295",0.714377847780644,4000
4000,"297",0.679999184800505,4000
4000,"307",0.710443247064734,4000
4000,"322",0.842443844250508,4000
4000,"334",0.694215182973933,4000
4000,"342",0.85133238269558,4000
4000,"347",0.789131155314617,4000
4000,"358",0.779259597651936,4000
4000,"360",0.629430953591909,4000
4000,"364",0.872807767748286,4000
4000,"373",0.766990981495158,4000
4000,"380",0.577843963941238,4000
4000,"390",0.732052557864826,4000
4000,"406",0.690974887181973,4000
4000,"409",0.835178184120802,4000
4000,"413",0.850156564184535,4000
4000,"428",0.925674052699792,4000
4000,"437",0.71666662898459,4000
4000,"440",0.832044482687515,4000
4000,"442",0.710238533893644,4000
4000,"446",0.871949559443822,4000
4000,"465",0.907850586281739,4000
4000,"501",0.856626362170353,4000
4000,"520",0.841505423914146,4000
4000,"525",0.739672853363271,4000
4000,"528",0.839818405261381,4000
4000,"551",0.87658115984761,4000
4000,"586",0.824014703580427,4000
4000,"587",0.606223208867276,4000
4000,"591",0.805490418276949,4000
4000,"603",0.726980265875155,4000
4000,"608",0.934879392725776,4000
4000,"621",0.885015673751671,4000
4000,"625",0.868347825113567,4000
4000,"628",0.702919799112864,4000
4000,"633",0.893960698306656,4000
4000,"674",0.816168994747211,4000
4000,"679",0.852771440478307,4000
4000,"702",0.875900381293897,4000
4000,"710",0.708349362165011,4000
4000,"711",0.733313761514758,4000
4000,"715",0.88628220510517,4000
4000,"717",0.765115451762076,4000
4000,"719",0.825602539503613,4000
4000,"723",0.90316533496916,4000
4000,"732",0.877068467686178,4000
4000,"737",0.798593775780638,4000
4000,"739",0.773342210940255,4000
4000,"740",0.884102972800191,4000
4000,"747",0.920833090367716,4000
4000,"750",0.898232520810877,4000
4000,"761",0.862050253464619,4000
4000,"767",0.645828545778029,4000
4000,"768",0.538816797962071,4000
4000,"770",0.66463602231555,4000
4000,"771",0.63615993698608,4000
4000,"774",0.856694100601159,4000
4000,"776",0.889982773661524,4000
4000,"777",0.852885655992566,4000
4000,"791",0.809787441881002,4000
4000,"801",0.840390828550555,4000
4000,"804",0.84616848197254,4000
4000,"805",0.67924972688186,4000
4000,"867",0.73901565746622,4000
4000,"868",0.815564621300996,4000
4000,"872",0.699907471938872,4000
4000,"880",0.663299938651995,4000
4000,"894",0.790420333855664,4000
4000,"940",0.860789093651542,4000
4000,"941",0.72384056331109,4000
5000,"87",0.846664125303227,5000
5000,"88",0.817638516181764,5000
5000,"89",0.919498382547624,5000
5000,"92",0.903707498160898,5000
5000,"96",0.86706104706877,5000
5000,"97",0.844663614790677,5000
5000,"103",0.886985035346647,5000
5000,"152",0.85918532101394,5000
5000,"154",0.913865731808908,5000
5000,"167",0.76216165087662,5000
5000,"169",0.907091657536635,5000
5000,"171",0.747784838561245,5000
5000,"173",0.905898080827144,5000
5000,"204",0.847221796470248,5000
5000,"208",0.883084459994166,5000
5000,"211",0.855060627611014,5000
5000,"213",0.887367045569693,5000
5000,"214",0.91104429427787,5000
5000,"215",0.858134941415956,5000
5000,"223",0.898193227205312,5000
5000,"224",0.911988858504393,5000
5000,"229",0.909374230202316,5000
5000,"230",0.866544434816333,5000
5000,"231",0.912049914344739,5000
5000,"232",0.910849684725557,5000
5000,"236",0.891627958137225,5000
5000,"241",0.870202459066982,5000
5000,"245",0.84327057892447,5000
5000,"246",0.88658509765524,5000
5000,"250",0.900693466117315,5000
5000,"251",0.91396548631087,5000
5000,"255",0.900247264828107,5000
5000,"257",0.925191344065724,5000
5000,"258",0.866237986110215,5000
5000,"259",0.91790796774083,5000
5000,"260",0.889846996951449,5000
5000,"264",0.886111103712802,5000
5000,"270",0.92297082482772,5000
5000,"276",0.909887607087158,5000
5000,"288",0.873985234461714,5000
5000,"293",0.884357828498212,5000
5000,"295",0.782747264343735,5000
5000,"297",0.910195529300612,5000
5000,"307",0.814234666760406,5000
5000,"322",0.859146188166277,5000
5000,"334",0.829909528877982,5000
5000,"342",0.838818047276877,5000
5000,"347",0.838714884769462,5000
5000,"358",0.906719173198833,5000
5000,"360",0.778801383054839,5000
5000,"364",0.922241193495788,5000
5000,"373",0.886564407894096,5000
5000,"380",0.794111053180827,5000
5000,"390",0.87446633206617,5000
5000,"406",0.839237100393281,5000
5000,"409",0.866313804755091,5000
5000,"413",0.865406337977374,5000
5000,"428",0.942087747456925,5000
5000,"437",0.923847134419229,5000
5000,"440",0.814935719339958,5000
5000,"442",0.859820168236791,5000
5000,"446",0.922381442118885,5000
5000,"465",0.911854476374078,5000
5000,"501",0.8855115455234,5000
5000,"520",0.858928218709635,5000
5000,"525",0.90876425727196,5000
5000,"528",0.877205584047639,5000
5000,"551",0.896581299764711,5000
5000,"586",0.888995174379175,5000
5000,"587",0.820198487143317,5000
5000,"591",0.897060652949852,5000
5000,"603",0.841235321759353,5000
5000,"608",0.944857900457089,5000
5000,"621",0.923150224031402,5000
5000,"625",0.887965924410744,5000
5000,"628",0.861596129203232,5000
5000,"633",0.90770307901782,5000
5000,"674",0.824495844338362,5000
5000,"679",0.8654198255994,5000
5000,"702",0.900733236649168,5000
5000,"710",0.870848216195211,5000
5000,"711",0.895152056796971,5000
5000,"715",0.918313485485162,5000
5000,"717",0.801875977997545,5000
5000,"719",0.85017472529832,5000
5000,"723",0.939991625842298,5000
5000,"732",0.921568507157475,5000
5000,"737",0.858789326795379,5000
5000,"739",0.865903152848154,5000
5000,"740",0.91013365506144,5000
5000,"747",0.926016982835887,5000
5000,"750",0.920615623844195,5000
5000,"761",0.87841929664153,5000
5000,"767",0.798210879729115,5000
5000,"768",0.749633638351832,5000
5000,"770",0.871070858979326,5000
5000,"771",0.733155033203797,5000
5000,"774",0.864076840194242,5000
5000,"776",0.863397855792024,5000
5000,"777",0.876963810385863,5000
5000,"791",0.868726173771361,5000
5000,"801",0.892221606759671,5000
5000,"804",0.882769847416196,5000
5000,"805",0.809310161433651,5000
5000,"867",0.845762532389014,5000
5000,"868",0.907081201498431,5000
5000,"872",0.898184431098779,5000
5000,"880",0.759171484461545,5000
5000,"894",0.859915884244361,5000
5000,"940",0.884860398985232,5000
5000,"941",0.890220785712151,5000
6000,"87",0.811781144906832,6000
6000,"88",0.699895403255865,6000
6000,"89",0.88667683516382,6000
6000,"92",0.886090326011062,6000
6000,"96",0.801274290032296,6000
6000,"97",0.81341071190902,6000
6000,"103",0.859472738241579,6000
6000,"152",0.837451304415113,6000
6000,"154",0.879598249602991,6000
6000,"167",0.72949192028028,6000
6000,"169",0.834518311491116,6000
6000,"171",0.717524727099548,6000
6000,"173",0.855755850423444,6000
6000,"204",0.80821619768112,6000
6000,"208",0.839398233632542,6000
6000,"211",0.847900622416678,6000
6000,"213",0.845572165415309,6000
6000,"214",0.870674556991615,6000
6000,"215",0.850669131633885,6000
6000,"223",0.851732755270965,6000
6000,"224",0.890101462854806,6000
6000,"229",0.867290149722656,6000
6000,"230",0.845135072810961,6000
6000,"231",0.883834182945172,6000
6000,"232",0.861424302791157,6000
6000,"236",0.86024545730739,6000
6000,"241",0.828048204034804,6000
6000,"245",0.763607155832572,6000
6000,"246",0.854471480202309,6000
6000,"250",0.888156853060466,6000
6000,"251",0.891569885162008,6000
6000,"255",0.873702413460963,6000
6000,"257",0.856320240353641,6000
6000,"258",0.828192066618053,6000
6000,"259",0.845526736755785,6000
6000,"260",0.868725360257142,6000
6000,"264",0.873297539017455,6000
6000,"270",0.878421151522055,6000
6000,"276",0.866013371592236,6000
6000,"288",0.796294389801817,6000
6000,"293",0.857970676283985,6000
6000,"295",0.752255668589038,6000
6000,"297",0.844330768752205,6000
6000,"307",0.781870687175994,6000
6000,"322",0.848423303592524,6000
6000,"334",0.764031864811783,6000
6000,"342",0.871354393455377,6000
6000,"347",0.804824076306078,6000
6000,"358",0.8614141738195,6000
6000,"360",0.713954874378133,6000
6000,"364",0.89016257694426,6000
6000,"373",0.788253021414072,6000
6000,"380",0.562385016130115,6000
6000,"390",0.731666718204168,6000
6000,"406",0.754173042687487,6000
6000,"409",0.792052444116004,6000
6000,"413",0.840300287737479,6000
6000,"428",0.911327023325847,6000
6000,"437",0.894992827954983,6000
6000,"440",0.784230048018809,6000
6000,"442",0.734488346936428,6000
6000,"446",0.875110027535084,6000
6000,"465",0.889191860952295,6000
6000,"501",0.862872195741078,6000
6000,"520",0.827425673333716,6000
6000,"525",0.849699651917084,6000
6000,"528",0.841011312166287,6000
6000,"551",0.895962237371385,6000
6000,"586",0.844598898209617,6000
6000,"587",0.71766830029945,6000
6000,"591",0.884203747337307,6000
6000,"603",0.827630178869696,6000
6000,"608",0.921877898588806,6000
6000,"621",0.910814341714849,6000
6000,"625",0.886814984391626,6000
6000,"628",0.726788440006858,6000
6000,"633",0.883060397498036,6000
6000,"674",0.785567085269141,6000
6000,"679",0.815111721402003,6000
6000,"702",0.875948902138262,6000
6000,"710",0.792531292435647,6000
6000,"711",0.864942995384705,6000
6000,"715",0.892785541079752,6000
6000,"717",0.770129449430153,6000
6000,"719",0.810175040199089,6000
6000,"723",0.912671391468155,6000
6000,"732",0.89217352277064,6000
6000,"737",0.812311863033376,6000
6000,"739",0.84239822648941,6000
6000,"740",0.887954971509243,6000
6000,"747",0.920390968847798,6000
6000,"750",0.907998145005073,6000
6000,"761",0.85302222923375,6000
6000,"767",0.759837945056961,6000
6000,"768",0.649521305874875,6000
6000,"770",0.803855207638959,6000
6000,"771",0.717388051015328,6000
6000,"774",0.843092189870252,6000
6000,"776",0.881478175999448,6000
6000,"777",0.837141675776369,6000
6000,"791",0.831935806786448,6000
6000,"801",0.887506258796954,6000
6000,"804",0.859927208266926,6000
6000,"805",0.78282486686345,6000
6000,"867",0.790787251702644,6000
6000,"868",0.865300101345881,6000
6000,"872",0.887005570322574,6000
6000,"880",0.685369130347955,6000
6000,"894",0.836863483502046,6000
6000,"940",0.865789365612334,6000
6000,"941",0.864101893275049,6000
7000,"87",0.581021622119147,7000
7000,"88",0.642707490265389,7000
7000,"89",0.537885381367091,7000
7000,"92",0.852766367614145,7000
7000,"96",0.727483885493097,7000
7000,"97",0.594488269533927,7000
7000,"103",0.587473991707458,7000
7000,"152",0.610450013707495,7000
7000,"154",0.61513568863848,7000
7000,"167",0.605325728738101,7000
7000,"169",0.605713791844958,7000
7000,"171",0.553631728837209,7000
7000,"173",0.702347400567647,7000
7000,"204",0.657900871225304,7000
7000,"208",0.777231357338914,7000
7000,"211",0.674566583989007,7000
7000,"213",0.6295204119076,7000
7000,"214",0.664263295310398,7000
7000,"215",0.747457538764929,7000
7000,"223",0.674933812663042,7000
7000,"224",0.7801405564052,7000
7000,"229",0.523617187707162,7000
7000,"230",0.728034354212388,7000
7000,"231",0.730374650407554,7000
7000,"232",0.618131568445861,7000
7000,"236",0.657309736546827,7000
7000,"241",0.693852089230355,7000
7000,"245",0.718600985528294,7000
7000,"246",0.703872665058008,7000
7000,"250",0.867519155411438,7000
7000,"251",0.649283782698258,7000
7000,"255",0.713087524194882,7000
7000,"257",0.633789870828557,7000
7000,"258",0.571525090225191,7000
7000,"259",0.573938854345525,7000
7000,"260",0.758147053428588,7000
7000,"264",0.629642658191872,7000
7000,"270",0.63647971766097,7000
7000,"276",0.598828727546758,7000
7000,"288",0.619089779774989,7000
7000,"293",0.615121924845526,7000
7000,"295",0.677575031895009,7000
7000,"297",0.592437479108486,7000
7000,"307",0.627196479225391,7000
7000,"322",0.720409978632068,7000
7000,"334",0.692731569870512,7000
7000,"342",0.806909450376687,7000
7000,"347",0.59213303886109,7000
7000,"358",0.734592749678943,7000
7000,"360",0.678923337504348,7000
7000,"364",0.569013201841188,7000
7000,"373",0.671038767588072,7000
7000,"380",0.462609810866273,7000
7000,"390",0.66413608904466,7000
7000,"406",0.599036153105495,7000
7000,"409",0.644247079232872,7000
7000,"413",0.69281485115424,7000
7000,"428",0.763186737582003,7000
7000,"437",0.58432420251288,7000
7000,"440",0.658090823668175,7000
7000,"442",0.541729900594323,7000
7000,"446",0.680883762810144,7000
7000,"465",0.792830526089024,7000
7000,"501",0.595037236804179,7000
7000,"520",0.714806099222492,7000
7000,"525",0.46980781101271,6443
7000,"528",0.668793690149927,7000
7000,"551",0.860416625837483,7000
7000,"586",0.636227386941697,7000
7000,"587",0.599963981115484,7000
7000,"591",0.604514812844584,7000
7000,"603",0.619507499275776,7000
7000,"608",0.606527258853804,7000
7000,"621",0.701372944588867,7000
7000,"625",0.645938852993977,7000
7000,"628",0.579161652148111,7000
7000,"633",0.689850134279677,7000
7000,"674",0.645687039661862,7000
7000,"679",0.755164490154984,7000
7000,"702",0.543513720744097,7000
7000,"710",0.616366552367014,7000
7000,"711",0.600469401425263,7000
7000,"715",0.648360730567936,7000
7000,"717",0.621089190979966,7000
7000,"719",0.588483614577188,7000
7000,"723",0.572944017946467,7000
7000,"732",0.555662183701614,7000
7000,"737",0.56776791629046,7000
7000,"739",0.567906312187813,7000
7000,"740",0.626279859606031,7000
7000,"747",0.647257345343777,7000
7000,"750",0.51428913570487,7000
7000,"761",0.644747097975865,7000
7000,"767",0.614423017568775,7000
7000,"768",0.525906656601027,7000
7000,"770",0.647182510013433,7000
7000,"771",0.602524111363184,7000
7000,"774",0.642933826031799,7000
7000,"776",0.804492857232068,7000
7000,"777",0.598071722381743,7000
7000,"791",0.651630826381531,7000
7000,"801",0.702946315468509,7000
7000,"804",0.671617019104178,7000
7000,"805",0.634095892049954,7000
7000,"867",0.698659603275113,7000
7000,"868",0.622724091415392,7000
7000,"872",0.602119114901884,7000
7000,"880",0.501334013800035,7000
7000,"894",0.626452447072916,7000
7000,"940",0.715547200328219,7000
7000,"941",0.755903625835243,7000
8000,"87",0.851512106872525,8000
8000,"88",0.819534741227645,8000
8000,"89",0.919759928284245,8000
8000,"92",0.889301796594452,8000
8000,"96",0.855484335110103,8000
8000,"97",0.840498212884613,8000
8000,"103",0.875127976266748,8000
8000,"152",0.836785600224339,8000
8000,"154",0.900511703029016,8000
8000,"167",0.762744439470834,8000
8000,"169",0.886611530330077,8000
8000,"171",0.746584244166692,8000
8000,"173",0.897638374593227,8000
8000,"204",0.857486486238215,8000
8000,"208",0.882251826560687,8000
8000,"211",0.859040915966714,8000
8000,"213",0.878214062471018,8000
8000,"214",0.889161619732997,8000
8000,"215",0.853633197759096,8000
8000,"223",0.879290806635885,8000
8000,"224",0.905761081215746,8000
8000,"229",0.914834545260752,8000
8000,"230",0.887665124497833,8000
8000,"231",0.892559269624554,8000
8000,"232",0.906987371503341,8000
8000,"236",0.886509278962249,8000
8000,"241",0.850233096077221,8000
8000,"245",0.821937750901206,8000
8000,"246",0.881317475757198,8000
8000,"250",0.866368052283064,8000
8000,"251",0.909974686916697,8000
8000,"255",0.898272454065638,8000
8000,"257",0.901841217321061,8000
8000,"258",0.849637512964004,8000
8000,"259",0.927244372381897,8000
8000,"260",0.873872788679851,8000
8000,"264",0.874787535421949,8000
8000,"270",0.909251288115692,8000
8000,"276",0.913976441402668,8000
8000,"288",0.879121310909934,8000
8000,"293",0.884056143738711,8000
8000,"295",0.790211871052666,8000
8000,"297",0.904125596102417,8000
8000,"307",0.807465963742076,8000
8000,"322",0.853262833819906,8000
8000,"334",0.817466615663501,8000
8000,"342",0.833599760503925,8000
8000,"347",0.830387371739795,8000
8000,"358",0.909518681226365,8000
8000,"360",0.761670082905434,8000
8000,"364",0.905641348262252,8000
8000,"373",0.870562234052921,8000
8000,"380",0.782973736697519,8000
8000,"390",0.829466315053992,8000
8000,"406",0.83087986038959,8000
8000,"409",0.860915633878714,8000
8000,"413",0.864290505785957,8000
8000,"428",0.932505053314895,8000
8000,"437",0.900232341045502,8000
8000,"440",0.799285100177063,8000
8000,"442",0.846749307362778,8000
8000,"446",0.906185260332647,8000
8000,"465",0.903355074110354,8000
8000,"501",0.877325574745543,8000
8000,"520",0.855007054159199,8000
8000,"525",0.897111229705009,6443
8000,"528",0.86309286258179,8000
8000,"551",0.919540533784664,8000
8000,"586",0.882486476229759,8000
8000,"587",0.79841091424622,8000
8000,"591",0.89478041109675,8000
8000,"603",0.844828511240302,8000
8000,"608",0.943467796877693,8000
8000,"621",0.921654849150299,8000
8000,"625",0.888247932208248,8000
8000,"628",0.852925285784005,8000
8000,"633",0.909286511051569,8000
8000,"674",0.814484139345241,8000
8000,"679",0.842891883131269,8000
8000,"702",0.89823307472497,8000
8000,"710",0.874292934205077,8000
8000,"711",0.884272634116,8000
8000,"715",0.909251382508122,8000
8000,"717",0.808022162795864,8000
8000,"719",0.839940720479095,8000
8000,"723",0.936478727575049,8000
8000,"732",0.903467074913907,8000
8000,"737",0.855771367778173,8000
8000,"739",0.847678031736805,8000
8000,"740",0.912001855711272,8000
8000,"747",0.919402258424789,8000
8000,"750",0.908430714449738,8000
8000,"761",0.877318493772024,8000
8000,"767",0.782681846682058,8000
8000,"768",0.689085131431952,8000
8000,"770",0.871129651339609,8000
8000,"771",0.734214088869116,8000
8000,"774",0.852376102408923,8000
8000,"776",0.861367787416761,8000
8000,"777",0.864160447668292,8000
8000,"791",0.86931661361681,8000
8000,"801",0.8894470335459,8000
8000,"804",0.86921163025898,8000
8000,"805",0.811206726808984,8000
8000,"867",0.830611447470127,8000
8000,"868",0.885718874087869,8000
8000,"872",0.888433912425317,8000
8000,"880",0.735921862066493,8000
8000,"894",0.83952538337262,8000
8000,"940",0.882365890954441,8000
8000,"941",0.882487326078682,8000
9000,"87",0.835234181440719,9000
9000,"88",0.71580825826447,9000
9000,"89",0.904021640488598,9000
9000,"92",0.908878717844804,9000
9000,"96",0.816618203527383,9000
9000,"97",0.837757169598134,9000
9000,"103",0.882506384041627,9000
9000,"152",0.850748905344818,9000
9000,"154",0.899836339755666,9000
9000,"167",0.765346454136692,9000
9000,"169",0.868847500513481,9000
9000,"171",0.728058726777161,9000
9000,"173",0.878441545051664,9000
9000,"204",0.803527067164931,9000
9000,"208",0.858662738951545,9000
9000,"211",0.86162170326291,9000
9000,"213",0.889992897579451,9000
9000,"214",0.882013523357426,9000
9000,"215",0.853325903735079,9000
9000,"223",0.873384532577963,9000
9000,"224",0.919298184678614,9000
9000,"229",0.892901424106641,9000
9000,"230",0.855037472415633,9000
9000,"231",0.882888240587447,9000
9000,"232",0.901646689024831,9000
9000,"236",0.880468420623278,9000
9000,"241",0.854203037256,9000
9000,"245",0.79428352930819,9000
9000,"246",0.868433206571464,9000
9000,"250",0.908271308802145,9000
9000,"251",0.909865435366278,9000
9000,"255",0.905846447595749,9000
9000,"257",0.887252008537555,9000
9000,"258",0.850091496797691,9000
9000,"259",0.8911268904314,9000
9000,"260",0.891240880957277,9000
9000,"264",0.879885627209915,9000
9000,"270",0.925328919986691,9000
9000,"276",0.909924322957363,9000
9000,"288",0.811734970848462,9000
9000,"293",0.876629281049489,9000
9000,"295",0.755418524559277,9000
9000,"297",0.866725836090803,9000
9000,"307",0.79221573988439,9000
9000,"322",0.87612188177381,9000
9000,"334",0.778493341950609,9000
9000,"342",0.876940969443614,9000
9000,"347",0.817418759878897,9000
9000,"358",0.864458204665882,9000
9000,"360",0.730779170061037,9000
9000,"364",0.901883215974537,9000
9000,"373",0.796863123494092,9000
9000,"380",0.571461181498449,9000
9000,"390",0.79915274962759,9000
9000,"406",0.783788972584848,9000
9000,"409",0.825484479761938,9000
9000,"413",0.868064485836816,9000
9000,"428",0.938896453454769,9000
9000,"437",0.897476161501864,9000
9000,"440",0.775544259025244,9000
9000,"442",0.740205722874887,9000
9000,"446",0.902978896720867,9000
9000,"465",0.91331902067095,9000
9000,"501",0.863021586787504,9000
9000,"520",0.841673519296028,9000
9000,"525",0.889047124033778,6443
9000,"528",0.865800821526885,9000
9000,"551",0.908393613348822,9000
9000,"586",0.863625801597209,9000
9000,"587",0.666682269679332,9000
9000,"591",0.900005497892133,9000
9000,"603",0.858172537862358,9000
9000,"608",0.936371103375884,9000
9000,"621",0.908427709966324,9000
9000,"625",0.904051285487646,9000
9000,"628",0.705849679062259,9000
9000,"633",0.909088773551215,9000
9000,"674",0.814541009944366,9000
9000,"679",0.833529379004776,9000
9000,"702",0.907240592347912,9000
9000,"710",0.803695663399713,9000
9000,"711",0.867806176644627,9000
9000,"715",0.906508502130167,9000
9000,"717",0.821742014346912,9000
9000,"719",0.832314988989852,9000
9000,"723",0.938244514744382,9000
9000,"732",0.906266479275915,9000
9000,"737",0.82577668631988,9000
9000,"739",0.855494917452266,9000
9000,"740",0.908579629933318,9000
9000,"747",0.936754523516158,9000
9000,"750",0.917330966810141,9000
9000,"761",0.877610358017832,9000
9000,"767",0.777060381379685,9000
9000,"768",0.648051899176602,9000
9000,"770",0.738916391865193,9000
9000,"771",0.713163661707003,9000
9000,"774",0.855674297640588,9000
9000,"776",0.896724869893652,9000
9000,"777",0.84240736822574,9000
9000,"791",0.866645533770128,9000
9000,"801",0.895794074195322,9000
9000,"804",0.876071864327815,9000
9000,"805",0.77743260739201,9000
9000,"867",0.809168931574889,9000
9000,"868",0.891543511741237,9000
9000,"872",0.897666680576714,9000
9000,"880",0.716997342771555,9000
9000,"894",0.829998268804765,9000
9000,"940",0.884952796520042,9000
9000,"941",0.877686836654422,9000
10000,"87",0.833971378061058,10000
10000,"88",0.712680634939378,10000
10000,"89",0.911099544274207,10000
10000,"92",0.889463892530349,10000
10000,"96",0.826032057025153,10000
10000,"97",0.850377854962591,10000
10000,"103",0.880440151393027,10000
10000,"152",0.843491937182771,10000
10000,"154",0.89537202030931,10000
10000,"167",0.768237743295313,10000
10000,"169",0.866224442978015,10000
10000,"171",0.711868472996166,10000
10000,"173",0.874399646934684,10000
10000,"204",0.806539391585886,10000
10000,"208",0.876277738557504,10000
10000,"211",0.83987062037671,10000
10000,"213",0.881876093111024,10000
10000,"214",0.882822724119238,10000
10000,"215",0.854882467966817,10000
10000,"223",0.863928944147785,10000
10000,"224",0.907125006719347,10000
10000,"229",0.896306864078526,10000
10000,"230",0.838285498725831,10000
10000,"231",0.898425811126421,10000
10000,"232",0.898570967580349,10000
10000,"236",0.885873796793111,10000
10000,"241",0.865586636255256,10000
10000,"245",0.796773867586218,10000
10000,"246",0.863502601035785,10000
10000,"250",0.903173737011618,10000
10000,"251",0.909405597064739,10000
10000,"255",0.897250171309094,10000
10000,"257",0.881898824138937,10000
10000,"258",0.85254506019181,10000
10000,"259",0.896965260270249,10000
10000,"260",0.880441215729533,10000
10000,"264",0.88508561440189,10000
10000,"270",0.916810243123396,10000
10000,"276",0.910680693312984,10000
10000,"288",0.816613988307563,10000
10000,"293",0.87705912457538,10000
10000,"295",0.779313815382665,10000
10000,"297",0.864473818898528,10000
10000,"307",0.768111056636395,10000
10000,"322",0.868636490271604,10000
10000,"334",0.772367849775843,10000
10000,"342",0.831917467637338,10000
10000,"347",0.830339891264701,10000
10000,"358",0.877703700471606,10000
10000,"360",0.743671374712015,10000
10000,"364",0.904131339283698,10000
10000,"373",0.794063851697939,10000
10000,"380",0.568319128744064,10000
10000,"390",0.76972253348436,10000
10000,"406",0.815812277585914,10000
10000,"409",0.823199306610339,10000
10000,"413",0.87027811900083,10000
10000,"428",0.94124989947282,10000
10000,"437",0.908471973339037,10000
10000,"440",0.793815525482747,10000
10000,"442",0.712332615732412,10000
10000,"446",0.909754557897879,10000
10000,"465",0.898314285551596,10000
10000,"501",0.879661927790505,10000
10000,"520",0.844249303292352,10000
10000,"525",0.8980918673866,6443
10000,"528",0.865162336073443,10000
10000,"551",0.911429567305622,10000
10000,"586",0.853116472599463,10000
10000,"587",0.670677287110237,10000
10000,"591",0.882629862011165,10000
10000,"603",0.831701564587531,10000
10000,"608",0.937698604053481,10000
10000,"621",0.922210824938546,10000
10000,"625",0.891114700359201,10000
10000,"628",0.699466100368058,10000
10000,"633",0.901803772209714,10000
10000,"674",0.796057280061969,10000
10000,"679",0.818448923426333,10000
10000,"702",0.904442126188173,10000
10000,"710",0.790000831841904,10000
10000,"711",0.873524211181356,10000
10000,"715",0.913846066849247,10000
10000,"717",0.80374392432908,10000
10000,"719",0.839698141202889,10000
10000,"723",0.937273996832459,10000
10000,"732",0.91163050290053,10000
10000,"737",0.820861314814727,10000
10000,"739",0.852457275699202,10000
10000,"740",0.913878242752024,10000
10000,"747",0.919497095832879,10000
10000,"750",0.921558061185019,10000
10000,"761",0.873164711280238,10000
10000,"767",0.761790554965058,10000
10000,"768",0.636941291529147,10000
10000,"770",0.74259505769384,10000
10000,"771",0.6980793907585,10000
10000,"774",0.848770833746341,10000
10000,"776",0.851026583570741,10000
10000,"777",0.857032312065828,10000
10000,"791",0.859833561081163,10000
10000,"801",0.880614043536676,10000
10000,"804",0.872798927275293,10000
10000,"805",0.776498051381227,10000
10000,"867",0.81043983319021,10000
10000,"868",0.890737626402893,10000
10000,"872",0.892180130075799,10000
10000,"880",0.69220195526424,10000
10000,"894",0.847436716839369,10000
10000,"940",0.868106153341762,10000
10000,"941",0.870609337063505,10000
20000,"87",0.803627172523027,20000
20000,"88",0.70708525457885,20000
20000,"89",0.885300684059582,20000
20000,"92",0.876487807191207,20000
20000,"96",0.791113908259223,20000
20000,"97",0.804765611313775,20000
20000,"103",0.870823977317543,20000
20000,"152",0.836414788416164,20000
20000,"154",0.87592369547239,20000
20000,"167",0.75753376633175,20000
20000,"169",0.844184559065771,20000
20000,"171",0.715529956118055,20000
20000,"173",0.849733198351604,20000
20000,"204",0.795345031185305,20000
20000,"208",0.834745709381433,20000
20000,"211",0.816183793773364,20000
20000,"213",0.850531547513151,20000
20000,"214",0.869704123155055,20000
20000,"215",0.837093972147414,20000
20000,"223",0.855566100237669,20000
20000,"224",0.875752006042675,20000
20000,"229",0.870846827886803,20000
20000,"230",0.845758968785707,20000
20000,"231",0.888179425689745,20000
20000,"232",0.86144425649819,20000
20000,"236",0.855083951542907,20000
20000,"241",0.826469480594999,20000
20000,"245",0.790439976063886,20000
20000,"246",0.849905966270363,20000
20000,"250",0.868279636264679,20000
20000,"251",0.88032453655558,20000
20000,"255",0.87777795600121,20000
20000,"257",0.861074061805504,20000
20000,"258",0.841511595939749,20000
20000,"259",0.84946807607289,20000
20000,"260",0.860488218658977,20000
20000,"264",0.864882691677082,20000
20000,"270",0.88257449160724,20000
20000,"276",0.877841745457203,20000
20000,"288",0.827076426124655,20000
20000,"293",0.845825285054173,20000
20000,"295",0.764135887791751,20000
20000,"297",0.846142512397447,20000
20000,"307",0.776140645235682,20000
20000,"322",0.856314879647003,20000
20000,"334",0.781526075536068,20000
20000,"342",0.789320707765235,20000
20000,"347",0.812823746036331,20000
20000,"358",0.860158301638784,20000
20000,"360",0.725772631111836,20000
20000,"364",0.882518026837297,20000
20000,"373",0.800238221171575,20000
20000,"380",0.593857911711972,20000
20000,"390",0.768510507197387,20000
20000,"406",0.755351737234111,20000
20000,"409",0.792441911012786,20000
20000,"413",0.844038549666842,20000
20000,"428",0.919734071256223,20000
20000,"437",0.894501041794701,20000
20000,"440",0.761523519164075,20000
20000,"442",0.72520461743964,20000
20000,"446",0.879273940292159,20000
20000,"465",0.89243310777518,20000
20000,"501",0.859704194181919,20000
20000,"520",0.821291805028934,20000
20000,"525",0.858775373692965,6443
20000,"528",0.84122471200697,20000
20000,"551",0.907466207687108,20000
20000,"586",0.842485695195748,20000
20000,"587",0.712226946456796,20000
20000,"591",0.871535823824285,20000
20000,"603",0.849784118603398,20000
20000,"608",0.926705932637332,20000
20000,"621",0.904185924166144,20000
20000,"625",0.876834915601371,20000
20000,"628",0.736895474619891,20000
20000,"633",0.891053359966727,20000
20000,"674",0.784461458382566,20000
20000,"679",0.802024948137529,20000
20000,"702",0.890003374905328,20000
20000,"710",0.797443209380094,20000
20000,"711",0.856452461035433,20000
20000,"715",0.888770795142535,20000
20000,"717",0.800842554999683,20000
20000,"719",0.808313836048931,20000
20000,"723",0.92142283314121,20000
20000,"732",0.885832802481014,20000
20000,"737",0.819944155476738,20000
20000,"739",0.840352324970741,20000
20000,"740",0.886606620841397,20000
20000,"747",0.900753960384466,20000
20000,"750",0.916093790027314,20000
20000,"761",0.859038146562961,20000
20000,"767",0.760552693394641,20000
20000,"768",0.629128866409246,20000
20000,"770",0.800314100731102,20000
20000,"771",0.703924808716393,20000
20000,"774",0.83231289275532,20000
20000,"776",0.820006418444354,20000
20000,"777",0.823847096947344,20000
20000,"791",0.842576685725096,20000
20000,"801",0.866329728561608,20000
20000,"804",0.861325800724427,20000
20000,"805",0.790068613011311,20000
20000,"867",0.798927913949673,20000
20000,"868",0.873637756775348,20000
20000,"872",0.881568140157758,20000
20000,"880",0.705322783153827,20000
20000,"894",0.826565377020388,20000
20000,"940",0.851429178363991,20000
20000,"941",0.8586557073242,20000
50000,"87",0.832811468168257,50000
50000,"88",0.698550853679818,50000
50000,"89",0.913959002162802,50000
50000,"92",0.879594441904578,50000
50000,"96",0.814132434898316,50000
50000,"97",0.838215366681486,50000
50000,"103",0.865537764155089,50000
50000,"152",0.82249145631476,50000
50000,"154",0.886873454798198,50000
50000,"167",0.746455611054797,50000
50000,"169",0.847845132651205,50000
50000,"171",0.713186014350299,50000
50000,"173",0.84141799349581,50000
50000,"204",0.799954796382563,50000
50000,"208",0.86030741824014,50000
50000,"211",0.849186177591275,50000
50000,"213",0.874102678865103,50000
50000,"214",0.841862363572266,50000
50000,"215",0.85815027662706,50000
50000,"223",0.86618869160678,50000
50000,"224",0.901111103618778,50000
50000,"229",0.889014033850582,50000
50000,"230",0.772425330754555,50000
50000,"231",0.894583619739811,50000
50000,"232",0.874555908856322,50000
50000,"236",0.882293391171671,50000
50000,"241",0.856356402174746,50000
50000,"245",0.785651356662138,50000
50000,"246",0.859524975000205,50000
50000,"250",0.878385243906579,50000
50000,"251",0.907592825809952,50000
50000,"255",0.891386588094137,50000
50000,"257",0.877285913795054,50000
50000,"258",0.839929350801554,50000
50000,"259",0.896882533938554,50000
50000,"260",0.882903154878172,50000
50000,"264",0.874361736805465,50000
50000,"270",0.916813254140787,50000
50000,"276",0.903844746348593,50000
50000,"288",0.803531891915257,50000
50000,"293",0.872213159167577,50000
50000,"295",0.763620523931227,50000
50000,"297",0.86090016148308,50000
50000,"307",0.764270222169023,50000
50000,"322",0.84422739244935,50000
50000,"334",0.767611500833506,50000
50000,"342",0.835608015071089,50000
50000,"347",0.80737851323548,50000
50000,"358",0.86542828266774,50000
50000,"360",0.724260761891904,43337
50000,"364",0.902950531184082,50000
50000,"373",0.792512947639472,50000
50000,"380",0.574851231558285,50000
50000,"390",0.762179884169321,50000
50000,"406",0.729337948101673,50000
50000,"409",0.82669853449846,50000
50000,"413",0.845831730882658,50000
50000,"428",0.935973489433893,50000
50000,"437",0.89211145500417,50000
50000,"440",0.787559420283084,50000
50000,"442",0.71656171508873,50000
50000,"446",0.904229333581084,50000
50000,"465",0.887310807494972,50000
50000,"501",0.869349440531718,50000
50000,"520",0.833595835926332,50000
50000,"525",0.88620599644086,6443
50000,"528",0.856001782581882,50000
50000,"551",0.834967139684454,50000
50000,"586",0.84801107055184,50000
50000,"587",0.677683647162841,50000
50000,"591",0.875822728256845,50000
50000,"603",0.81777160634716,50000
50000,"608",0.938707922722306,50000
50000,"621",0.906544479879904,50000
50000,"625",0.865346696655249,50000
50000,"628",0.694924907286249,50000
50000,"633",0.902644011720713,50000
50000,"674",0.798252170499515,31729
50000,"679",0.824768473877437,50000
50000,"702",0.883029234724657,50000
50000,"710",0.795246175931375,50000
50000,"711",0.869332684890257,50000
50000,"715",0.901431414262272,50000
50000,"717",0.792422273068111,50000
50000,"719",0.837421964739172,50000
50000,"723",0.928319536843979,50000
50000,"732",0.908183890258089,50000
50000,"737",0.821804125066507,50000
50000,"739",0.839896461841779,50000
50000,"740",0.912393348508734,50000
50000,"747",0.913580588378001,50000
50000,"750",0.90465284949768,50000
50000,"761",0.863529895842215,50000
50000,"767",0.739359211966939,50000
50000,"768",0.610231291450446,50000
50000,"770",0.74727617183444,50000
50000,"771",0.685089666099937,50000
50000,"774",0.845203115693219,50000
50000,"776",0.845981012809567,50000
50000,"777",0.843220152307017,50000
50000,"791",0.850977489619147,50000
50000,"801",0.875005739175228,48871
50000,"804",0.858236371537322,50000
50000,"805",0.760874356121338,50000
50000,"867",0.799899624628498,50000
50000,"868",0.884091062999173,50000
50000,"872",0.893007954366309,50000
50000,"880",0.688742383291249,50000
50000,"894",0.834680343412225,50000
50000,"940",0.863996744118996,50000
50000,"941",0.844336654735092,31279
