"cells_per_sample","cell_type","n_cells","precision","recall","f1","n_samples_with_type","group","cells_label"
1000,"14+ monos",13355,0.838097065029733,0.981430175964058,0.904118093398634,111,"Major populations","1K"
1000,"16+ monos",788,0.480067854113656,0.718274111675127,0.575495678698526,105,"Rare populations","1K"
1000,"pDCs",318,0.0200140673956135,0.984276729559748,0.0392304317854233,102,"Rare populations","1K"
1000,"CD141+ DCs",52,0.00306924995204297,0.923076923076923,0.0061181569052323,38,"Rare populations","1K"
1000,"CD1c+ DCs",644,0.0399641920838928,0.970496894409938,0.0767671804949948,107,"Rare populations","1K"
1000,"B cells",10961,0.964853110854708,0.991789070340297,0.978135684721972,111,"Major populations","1K"
1000,"CD4+ Tconv",39058,0.884681321193188,0.594551692354959,0.711164193731147,111,"Major populations","1K"
1000,"CD4+ Treg",1951,0.0656024991428245,0.882624295233214,0.122127659574468,111,"Rare populations","1K"
1000,"CD8hi",19018,0.677997385218796,0.463560837101693,0.550638643390275,111,"Major populations","1K"
1000,"CD8lo",5849,0.258094285934015,0.57377329458027,0.356036494801613,111,"Major populations","1K"
1000,"NK",13533,0.950938070728873,0.846449419936452,0.895656593299191,111,"Major populations","1K"
2000,"14+ monos",27202,0.808903658463565,0.993272553488714,0.891657316348756,111,"Major populations","2K"
2000,"16+ monos",1654,0.0433506975630202,0.875453446191052,0.0826106800547695,111,"Rare populations","2K"
2000,"pDCs",665,0.0198491108316867,0.996992481203008,0.0389232982064755,106,"Rare populations","2K"
2000,"CD141+ DCs",80,0.00239506616370277,1,0.00477868705573144,56,"Rare populations","2K"
2000,"CD1c+ DCs",1205,0.0354769175498473,0.983402489626556,0.0684832548328373,111,"Rare populations","2K"
2000,"B cells",21964,0.963205088563982,0.992806410489893,0.977781763558505,111,"Major populations","2K"
2000,"CD4+ Tconv",78183,0.887550346529264,0.625711471803333,0.733977989662493,111,"Major populations","2K"
2000,"CD4+ Treg",3882,0.0630284117711093,0.894899536321484,0.117762711864407,111,"Rare populations","2K"
2000,"CD8hi",37940,0.696947220487195,0.470558777016342,0.561803763610045,111,"Major populations","2K"
2000,"CD8lo",11729,0.257768582136165,0.562963594509336,0.353621636095863,111,"Major populations","2K"
2000,"NK",26472,0.959637087851295,0.819091870655787,0.883811930625471,111,"Major populations","2K"
3000,"14+ monos",40789,0.862273890599922,0.974674544607615,0.915035387536682,111,"Major populations","3K"
3000,"16+ monos",2473,0.369085173501577,0.804286291953093,0.505978122615111,111,"Rare populations","3K"
3000,"pDCs",1109,0.200964928558174,0.976555455365194,0.333333333333333,111,"Rare populations","3K"
3000,"CD141+ DCs",128,0.00229905001518241,0.828125,0.00458537007397154,82,"Rare populations","3K"
3000,"CD1c+ DCs",2009,0.0428143842450006,0.982578397212544,0.0820534136963525,111,"Rare populations","3K"
3000,"B cells",33248,0.974019783100942,0.98327718960539,0.978626594025025,111,"Major populations","3K"
3000,"CD4+ Tconv",116885,0.934741070194411,0.983539376310048,0.95851954375667,111,"Major populations","3K"
3000,"CD4+ Treg",5863,0.660130718954248,0.637387003240662,0.648559527941687,111,"Rare populations","3K"
3000,"CD8hi",56799,0.718442760174109,0.831106181446856,0.770678747806212,111,"Major populations","3K"
3000,"CD8lo",17400,0.232170578029404,0.876724137931034,0.367121507472385,111,"Major populations","3K"
3000,"NK",39817,0.955975217443107,0.806037622121205,0.874626987695704,111,"Major populations","3K"
4000,"14+ monos",54235,0.859027766521323,0.977154973725454,0.914291629287144,111,"Major populations","4K"
4000,"16+ monos",3308,0.515245079120031,0.807134220072551,0.628975265017668,111,"Rare populations","4K"
4000,"pDCs",1353,0.839102564102564,0.967479674796748,0.898729831788534,111,"Rare populations","4K"
4000,"CD141+ DCs",190,0.00264211498873454,0.857894736842105,0.00526800575279156,93,"Rare populations","4K"
4000,"CD1c+ DCs",2753,0.0436840484333717,0.978932074100981,0.0836359122366012,111,"Rare populations","4K"
4000,"B cells",43959,0.970844571250251,0.990809618053186,0.980725495935692,111,"Major populations","4K"
4000,"CD4+ Tconv",156081,0.912119435355236,0.926916152510555,0.919458267396264,111,"Major populations","4K"
4000,"CD4+ Treg",7818,0.0485899642526149,0.985801995395242,0.0926149575499757,111,"Rare populations","4K"
4000,"CD8hi",75981,0.715870522565987,0.671786367644543,0.693128195378964,111,"Major populations","4K"
4000,"CD8lo",23177,0.213752769908277,0.657591577857359,0.322632542681442,111,"Major populations","4K"
4000,"NK",52960,0.925035281883681,0.940615558912387,0.932760364004044,111,"Major populations","4K"
5000,"14+ monos",67418,0.876317741166499,0.98147379038239,0.92591970670137,111,"Major populations","5K"
5000,"16+ monos",4153,0.523627771719375,0.693715386467614,0.596789228379078,111,"Rare populations","5K"
5000,"pDCs",1730,0.868835257082896,0.957225433526012,0.910891089108911,111,"Rare populations","5K"
5000,"CD141+ DCs",229,0.00268845685225407,0.88646288209607,0.00536065595415715,92,"Rare populations","5K"
5000,"CD1c+ DCs",3280,0.0423663717751761,0.97530487804878,0.0812052596842159,111,"Rare populations","5K"
5000,"B cells",55334,0.967631546453582,0.991361549860845,0.979352823030574,111,"Major populations","5K"
5000,"CD4+ Tconv",195707,0.930606540664979,0.993526036370697,0.961037548869876,111,"Major populations","5K"
5000,"CD4+ Treg",9550,0.8276875483372,0.560314136125655,0.668248517015298,111,"Rare populations","5K"
5000,"CD8hi",95034,0.721712978803868,0.843403413515163,0.777827378064165,111,"Major populations","5K"
5000,"CD8lo",28600,0.227610797961426,0.883846153846154,0.361998596571625,111,"Major populations","5K"
5000,"NK",66287,0.928394863563403,0.872554196147058,0.899608825153398,111,"Major populations","5K"
6000,"14+ monos",80967,0.849508035771455,0.983165981202218,0.911463133970333,111,"Major populations","6K"
6000,"16+ monos",4873,0.503531649008422,0.760722347629797,0.605966489579076,111,"Rare populations","6K"
6000,"pDCs",1987,0.0203508846818774,0.95973829894313,0.0398566248314924,111,"Rare populations","6K"
6000,"CD141+ DCs",289,0.00295605404136341,0.958477508650519,0.00589393052821959,94,"Rare populations","6K"
6000,"CD1c+ DCs",3964,0.0411393080485775,0.972502522704339,0.0789392853486229,111,"Rare populations","6K"
6000,"B cells",66124,0.970358190383077,0.990638799830621,0.980393624186186,111,"Major populations","6K"
6000,"CD4+ Tconv",234711,0.914927559695628,0.987167197106228,0.949675584173918,111,"Major populations","6K"
6000,"CD4+ Treg",11647,0.0441275770702448,0.959474542800721,0.0843746460795047,111,"Rare populations","6K"
6000,"CD8hi",114283,0.754401833092137,0.43789540001575,0.554138822604488,111,"Major populations","6K"
6000,"CD8lo",35014,0.280793487354399,0.498457759753242,0.3592260985901,111,"Major populations","6K"
6000,"NK",79040,0.928412214874805,0.94854504048583,0.938370652214726,111,"Major populations","6K"
7000,"14+ monos",94834,0.860610398906748,0.976179429318599,0.914759168589398,111,"Major populations","7K"
7000,"16+ monos",5760,0.502665813606313,0.818402777777778,0.622803540758357,111,"Rare populations","7K"
7000,"pDCs",2381,0.0219022209000734,0.9895002099958,0.0428558435652569,111,"Rare populations","7K"
7000,"CD141+ DCs",387,0.00329091095018081,0.914728682170543,0.00655822742598837,102,"Rare populations","7K"
7000,"CD1c+ DCs",4583,0.0413780922012848,0.971197905302204,0.0793744204294172,111,"Rare populations","7K"
7000,"B cells",77025,0.971381249518527,0.982239532619279,0.976780215736778,111,"Major populations","7K"
7000,"CD4+ Tconv",272561,0.884137286899396,0.618202897699964,0.727633113097552,111,"Major populations","7K"
7000,"CD4+ Treg",13660,0.060211250977285,0.8400439238653,0.112368352763184,111,"Rare populations","7K"
7000,"CD8hi",133258,0.719389353986659,0.482342523525792,0.577486680502772,111,"Major populations","7K"
7000,"CD8lo",40611,0.244941129068362,0.538893403265125,0.336798528766765,111,"Major populations","7K"
7000,"NK",92854,0.920738385072238,0.941661102375773,0.931082217891789,111,"Major populations","7K"
8000,"14+ monos",108406,0.858303464755078,0.960906222902791,0.906711464893307,111,"Major populations","8K"
8000,"16+ monos",6645,0.443066016836509,0.90293453724605,0.594441967602913,111,"Rare populations","8K"
8000,"pDCs",2704,0.0218349606558728,0.980029585798817,0.0427181648921165,111,"Rare populations","8K"
8000,"CD141+ DCs",379,0.00250484076957937,0.802110817941952,0.00499408595084768,105,"Rare populations","8K"
8000,"CD1c+ DCs",5311,0.0417500926955877,0.954057616268123,0.0799993684675866,111,"Rare populations","8K"
8000,"B cells",88000,0.963922069907877,0.994022727272727,0.978741020878555,111,"Major populations","8K"
8000,"CD4+ Tconv",311634,0.940655504557502,0.98054448487649,0.960185896559688,111,"Major populations","8K"
8000,"CD4+ Treg",15478,0.602915349490692,0.665396046000775,0.632616707616708,111,"Rare populations","8K"
8000,"CD8hi",152159,0.724384881045914,0.842250540552974,0.778883905237696,111,"Major populations","8K"
8000,"CD8lo",45958,0.230192689227152,0.88613516689151,0.365451486259114,111,"Major populations","8K"
8000,"NK",105270,0.951759018524537,0.890225135366201,0.919964267132634,111,"Major populations","8K"
9000,"14+ monos",121653,0.876364091870344,0.977649544195375,0.924240187126505,111,"Major populations","9K"
9000,"16+ monos",7547,0.38631867781252,0.8021730488936,0.52149194590404,111,"Rare populations","9K"
9000,"pDCs",3133,0.187926743666645,0.939993616342164,0.313231227398426,111,"Rare populations","9K"
9000,"CD141+ DCs",457,0.00255686632820732,0.759299781181619,0.00509657046339135,104,"Rare populations","9K"
9000,"CD1c+ DCs",5950,0.0421772416791317,0.962016806722689,0.0808115033565575,111,"Rare populations","9K"
9000,"B cells",99392,0.970633465428521,0.990653171281391,0.980541143431889,111,"Major populations","9K"
9000,"CD4+ Tconv",349266,0.943203259064203,0.980424662005463,0.961453851175393,111,"Major populations","9K"
9000,"CD4+ Treg",17428,0.51838514987067,0.586470048198302,0.550329788666038,111,"Rare populations","9K"
9000,"CD8hi",170988,0.807284411319105,0.464324981870073,0.589555757699519,111,"Major populations","9K"
9000,"CD8lo",52082,0.316457431598739,0.62048308436696,0.419143968871595,111,"Major populations","9K"
9000,"NK",118897,0.931777259639719,0.944472947172763,0.938082150584343,111,"Major populations","9K"
10000,"14+ monos",135493,0.85876097567233,0.988183891418745,0.91893783930324,111,"Major populations","10K"
10000,"16+ monos",8424,0.38447245112296,0.564933523266857,0.457552158446303,111,"Rare populations","10K"
10000,"pDCs",3385,0.260058167716917,0.95096011816839,0.408424792234981,111,"Rare populations","10K"
10000,"CD141+ DCs",475,0.00282208667654397,0.926315789473684,0.00562703020692125,108,"Rare populations","10K"
10000,"CD1c+ DCs",6610,0.0416065369789562,0.981391830559758,0.07982870116845,111,"Rare populations","10K"
10000,"B cells",110048,0.9699396842292,0.993666400116313,0.981659694418012,111,"Major populations","10K"
10000,"CD4+ Tconv",388933,0.937812168865461,0.985313665849902,0.960976270302395,111,"Major populations","10K"
10000,"CD4+ Treg",19238,0.593111201962388,0.603285164778044,0.598154924496212,111,"Rare populations","10K"
10000,"CD8hi",189850,0.682593184520879,0.474680010534633,0.559959984217378,111,"Major populations","10K"
10000,"CD8lo",57814,0.277534974966483,0.633773826408828,0.386025906435521,111,"Major populations","10K"
10000,"NK",130943,0.954910841118372,0.872730882903248,0.911973250018953,111,"Major populations","10K"
20000,"14+ monos",271246,0.83591726042564,0.99090862169396,0.906838061017064,111,"Major populations","20K"
20000,"16+ monos",16514,0.556248529065662,0.572483953009568,0.56424947776783,111,"Rare populations","20K"
20000,"pDCs",6764,0.0207626446558582,0.986989946777055,0.0406697471543056,111,"Rare populations","20K"
20000,"CD141+ DCs",934,0.00289544969661534,0.99678800856531,0.00577412682612188,110,"Rare populations","20K"
20000,"CD1c+ DCs",13029,0.0399360575233486,0.985570650088265,0.0767616747567012,111,"Rare populations","20K"
20000,"B cells",219619,0.971826201989685,0.99012380531739,0.980889679795567,111,"Major populations","20K"
20000,"CD4+ Tconv",772587,0.906864380308004,0.99581276930624,0.949259447534535,111,"Major populations","20K"
20000,"CD4+ Treg",38504,0.0452941835177076,0.997974236442967,0.086655413595469,111,"Rare populations","20K"
20000,"CD8hi",378877,0.83452014430614,0.466452173132705,0.598419704426825,111,"Major populations","20K"
20000,"CD8lo",116271,0.350918571131654,0.667973957392643,0.460116175394632,111,"Major populations","20K"
20000,"NK",262273,0.954309325524713,0.852420950688786,0.900492202100922,111,"Major populations","20K"
50000,"14+ monos",672404,0.864455248863645,0.974661066858615,0.916256212732344,111,"Major populations","50K"
50000,"16+ monos",41125,0.451926914086996,0.771039513677812,0.569849670677246,111,"Rare populations","50K"
50000,"pDCs",16820,0.0215650168969274,0.971997621878716,0.0421939077045368,111,"Rare populations","50K"
50000,"CD141+ DCs",2359,0.00305358212223298,0.981348028825774,0.00608822001748884,111,"Rare populations","50K"
50000,"CD1c+ DCs",32694,0.0422132996362082,0.978864623478314,0.0809362433929339,111,"Rare populations","50K"
50000,"B cells",545723,0.967825318982416,0.9879737522516,0.977795752112564,111,"Major populations","50K"
50000,"CD4+ Tconv",1910912,0.944646882928735,0.975556697534999,0.959853010193981,111,"Major populations","50K"
50000,"CD4+ Treg",95016,0.563234829607272,0.675602003873032,0.614322353436561,111,"Rare populations","50K"
50000,"CD8hi",939865,0.68065606865017,0.477837774574008,0.561493154230174,111,"Major populations","50K"
50000,"CD8lo",284925,0.248841710252512,0.576249890322015,0.347585669617056,111,"Major populations","50K"
50000,"NK",650154,0.950183780532629,0.874751212789585,0.91090851721879,111,"Major populations","50K"
