"bootstrap_id","auc"
1,0.808484848484848
2,0.746428571428572
3,0.699519230769231
4,0.772889417360285
5,0.774038461538461
6,0.820238095238095
7,0.826397146254459
8,0.785714285714286
9,0.756363636363636
10,0.84468339307049
11,0.844951923076923
12,0.834782608695652
13,0.803088803088803
14,0.776960784313726
15,0.651190476190476
16,0.767156862745098
17,0.891826923076923
18,0.79667063020214
19,0.751515151515151
20,0.833939393939394
21,0.9
22,0.869772998805257
23,0.848484848484848
24,0.881720430107527
25,0.786904761904762
26,0.84969696969697
27,0.790919952210275
28,0.734143049932524
29,0.873774509803922
30,0.760817307692308
31,0.832932692307692
32,0.734143049932524
33,0.852380952380953
34,0.823809523809524
35,0.775155279503106
36,0.819393939393939
37,0.872619047619048
38,0.895362663495838
39,0.78125
40,0.926682692307692
41,0.705454545454546
42,0.884848484848485
43,0.786057692307692
44,0.721153846153846
45,0.89828431372549
46,0.753605769230769
47,0.882142857142857
48,0.897619047619048
49,0.826762246117085
50,0.785714285714286
51,0.89179548156956
52,0.759006211180124
53,0.884803921568628
54,0.666666666666667
55,0.816009557945042
56,0.755151515151515
57,0.790865384615385
58,0.762019230769231
59,0.885714285714286
60,0.755952380952381
61,0.875
62,0.853745541022592
63,0.89247311827957
64,0.865476190476191
65,0.804761904761905
66,0.815476190476191
67,0.945454545454545
68,0.875
69,0.850178359096314
70,0.856971153846154
71,0.775240384615384
72,0.843434343434343
73,0.761904761904762
74,0.764848484848485
75,0.84472049689441
76,0.860294117647059
77,0.886363636363636
78,0.814950980392157
79,0.807646356033453
80,0.878571428571429
81,0.907451923076923
82,0.827329192546584
83,0.765830346475508
84,0.683333333333333
85,0.819593787335723
86,0.884109916367981
87,0.799283154121864
88,0.762019230769231
89,0.860294117647059
90,0.734375
91,0.722981366459627
92,0.894545454545454
93,0.716346153846154
94,0.897619047619048
95,0.964848484848485
96,0.705590062111801
97,0.84375
98,0.854761904761905
99,0.847919655667145
100,0.806490384615384
101,0.839285714285715
102,0.889417360285375
103,0.912783751493429
104,0.796221322537112
105,0.848809523809524
106,0.683393070489845
107,0.900240384615384
108,0.711904761904762
109,0.849462365591398
110,0.816105769230769
111,0.805256869772999
112,0.754761904761905
113,0.831541218637993
114,0.756272401433692
115,0.816009557945042
116,0.848267622461171
117,0.88
118,0.867105263157895
119,0.85
120,0.860714285714286
121,0.78125
122,0.742788461538462
123,0.70952380952381
124,0.939285714285714
125,0.833930704898447
126,0.900240384615385
127,0.850931677018633
128,0.876337693222354
129,0.867857142857143
130,0.786666666666667
131,0.857142857142857
132,0.915865384615385
133,0.883472057074911
134,0.832142857142857
135,0.835125448028674
136,0.792114695340502
137,0.825567502986858
138,0.878676470588235
139,0.878787878787879
140,0.859393939393939
141,0.834134615384615
142,0.886904761904762
143,0.874551971326165
144,0.876225490196078
145,0.841212121212121
146,0.761029411764706
147,0.804086538461539
148,0.933333333333333
149,0.888228299643282
150,0.881720430107527
151,0.757352941176471
152,0.722619047619047
153,0.847222222222222
154,0.727380952380952
155,0.804062126642772
156,0.822115384615385
157,0.889285714285714
158,0.861904761904762
159,0.829656862745098
160,0.853046594982079
161,0.762424242424242
162,0.924848484848485
163,0.805952380952381
164,0.832342449464923
165,0.839460784313726
166,0.896634615384615
167,0.798088410991637
168,0.784313725490196
169,0.806060606060606
170,0.839460784313726
171,0.663082437275986
172,0.859375
173,0.836550836550837
174,0.852380952380952
175,0.815114709851552
176,0.799283154121864
177,0.938181818181818
178,0.781362007168459
179,0.906832298136646
180,0.782142857142857
181,0.85
182,0.86563614744352
183,0.854567307692308
184,0.747596153846154
185,0.822829964328181
186,0.841911764705882
187,0.775388291517324
188,0.917631917631918
189,0.863258026159334
190,0.934289127837515
191,0.852380952380952
192,0.854166666666667
193,0.746730083234245
194,0.791666666666667
195,0.886904761904762
196,0.804994054696789
197,0.88695652173913
198,0.819852941176471
199,0.790062111801242
200,0.801767676767677
201,0.834558823529412
202,0.880952380952381
203,0.721428571428572
204,0.855952380952381
205,0.797979797979798
206,0.877734877734878
207,0.858501783590963
208,0.845422116527943
209,0.880745341614907
210,0.803030303030303
211,0.771804062126643
212,0.827020202020202
213,0.888221153846154
214,0.82060606060606
215,0.908333333333333
216,0.764635603345281
217,0.773913043478261
218,0.796717171717172
219,0.87871581450654
220,0.883333333333333
221,0.843137254901961
222,0.796428571428571
223,0.921492921492922
224,0.882424242424242
225,0.886060606060606
226,0.736519607843137
227,0.888221153846154
228,0.704761904761905
229,0.867383512544803
230,0.792546583850932
231,0.755555555555556
232,0.779411764705882
233,0.791505791505791
234,0.714625445897741
235,0.894047619047619
236,0.849759615384615
237,0.732121212121212
238,0.824754901960784
239,0.898326898326898
240,0.851851851851852
241,0.795031055900621
242,0.769230769230769
243,0.803571428571429
244,0.814814814814815
245,0.961904761904762
246,0.741161616161616
247,0.837575757575758
248,0.900836320191159
249,0.850657108721625
250,0.828571428571429
251,0.842293906810036
252,0.821969696969697
253,0.748798076923077
254,0.75
255,0.741935483870968
256,0.822619047619048
257,0.873809523809524
258,0.835909631391201
259,0.861409796893668
260,0.788819875776398
261,0.90487514863258
262,0.816666666666667
263,0.897619047619048
264,0.786140979689367
265,0.807692307692308
266,0.78452380952381
267,0.929510155316607
268,0.854761904761905
269,0.846428571428572
270,0.919736842105263
271,0.833333333333333
272,0.770909090909091
273,0.769322235434007
274,0.843137254901961
275,0.851190476190476
276,0.8
277,0.825721153846154
278,0.7705112960761
279,0.808695652173913
280,0.847355769230769
281,0.753939393939394
282,0.75952380952381
283,0.821428571428572
284,0.841854934601665
285,0.832142857142857
286,0.804062126642772
287,0.71030303030303
288,0.808561236623068
289,0.824754901960784
290,0.691756272401434
291,0.869565217391305
292,0.883838383838384
293,0.732142857142857
294,0.792857142857143
295,0.751225490196078
296,0.926190476190476
297,0.89247311827957
298,0.911515151515151
299,0.803030303030303
300,0.862068965517241
301,0.913095238095238
302,0.896464646464647
303,0.910820451843044
304,0.804761904761905
305,0.824372759856631
306,0.943030303030303
307,0.857825567502987
308,0.770432692307692
309,0.724264705882353
310,0.828571428571429
311,0.823030303030303
312,0.779393939393939
313,0.886060606060606
314,0.813095238095238
315,0.838235294117647
316,0.906666666666667
317,0.769230769230769
318,0.792114695340502
319,0.767857142857143
320,0.823317307692308
321,0.764423076923077
322,0.901863354037267
323,0.863157894736842
324,0.74002574002574
325,0.701545778834721
326,0.794079794079794
327,0.866421568627451
328,0.810714285714286
329,0.911801242236025
330,0.9375
331,0.674278846153846
332,0.96010296010296
333,0.780952380952381
334,0.848989298454221
335,0.807142857142857
336,0.76
337,0.808561236623068
338,0.795238095238095
339,0.801470588235294
340,0.816105769230769
341,0.815695600475624
342,0.819736842105263
343,0.824494949494949
344,0.696428571428571
345,0.801672640382318
346,0.759809750297265
347,0.853416149068323
348,0.740384615384615
349,0.739182692307692
350,0.752795031055901
351,0.755952380952381
352,0.851190476190476
353,0.761029411764706
354,0.713942307692308
355,0.899641577060932
356,0.898136645962733
357,0.763376932223543
358,0.758333333333333
359,0.765476190476191
360,0.866666666666667
361,0.834134615384616
362,0.829761904761905
363,0.759809750297265
364,0.859393939393939
365,0.693509615384615
366,0.769607843137255
367,0.84375
368,0.715151515151515
369,0.833333333333333
370,0.77328431372549
371,0.814814814814815
372,0.858429858429858
373,0.861409796893668
374,0.842293906810036
375,0.941457586618877
376,0.802380952380953
377,0.945913461538462
378,0.750297265160523
379,0.778571428571429
380,0.779393939393939
381,0.837575757575757
382,0.89828431372549
383,0.840993788819876
384,0.762424242424242
385,0.782894736842105
386,0.876190476190476
387,0.726190476190476
388,0.782556750298686
389,0.839460784313726
390,0.89247311827957
391,0.830952380952381
392,0.735294117647059
393,0.753571428571429
394,0.819444444444445
395,0.795698924731183
396,0.827878787878788
397,0.788095238095238
398,0.80884109916368
399,0.785714285714286
400,0.862604540023895
401,0.804761904761905
402,0.841854934601665
403,0.832298136645963
404,0.845878136200717
405,0.826190476190476
406,0.75
407,0.612903225806452
408,0.732843137254902
409,0.847072879330944
410,0.833939393939394
411,0.796428571428571
412,0.916666666666667
413,0.776456599286564
414,0.739130434782609
415,0.66547192353644
416,0.841911764705882
417,0.801672640382318
418,0.82843137254902
419,0.864447086801427
420,0.833333333333334
421,0.86764705882353
422,0.8
423,0.870967741935484
424,0.824519230769231
425,0.879807692307692
426,0.779411764705882
427,0.733333333333333
428,0.857825567502987
429,0.925480769230769
430,0.890683229813665
431,0.818399044205496
432,0.754901960784314
433,0.850178359096314
434,0.810714285714286
435,0.85171568627451
436,0.914663461538462
437,0.78452380952381
438,0.884848484848485
439,0.82078853046595
440,0.791515151515152
441,0.85971685971686
442,0.842857142857143
443,0.825208085612366
444,0.785454545454546
445,0.87030303030303
446,0.805288461538461
447,0.794047619047619
448,0.826397146254459
449,0.848484848484849
450,0.78452380952381
451,0.939130434782609
452,0.85
453,0.726190476190476
454,0.863095238095238
455,0.789725209080048
456,0.791914387633769
457,0.898809523809524
458,0.857323232323232
459,0.813317479191439
460,0.88452380952381
461,0.819593787335723
462,0.780606060606061
463,0.818399044205496
464,0.889423076923077
465,0.845878136200717
466,0.92
467,0.71547619047619
468,0.844848484848485
469,0.839904420549582
470,0.850909090909091
471,0.898446833930705
472,0.801672640382318
473,0.826397146254459
474,0.855757575757576
475,0.814903846153846
476,0.791515151515151
477,0.876363636363636
478,0.85906862745098
479,0.779393939393939
480,0.912727272727272
481,0.762254901960784
482,0.868725868725869
483,0.896894409937888
484,0.85171568627451
485,0.866421568627451
486,0.792857142857143
487,0.872162485065711
488,0.759856630824373
489,0.861409796893668
490,0.834782608695652
491,0.754761904761905
492,0.842548076923077
493,0.863095238095238
494,0.836320191158901
495,0.856950067476383
496,0.739130434782609
497,0.849462365591398
498,0.756272401433691
499,0.902644230769231
500,0.831515151515151
501,0.912259615384615
502,0.900118906064209
503,0.856971153846154
504,0.823178016726404
505,0.837514934289128
506,0.829090909090909
507,0.774078478002378
508,0.920673076923077
509,0.907142857142857
510,0.828571428571429
511,0.830346475507766
512,0.732461355529132
513,0.912878787878788
514,0.901442307692308
515,0.84223602484472
516,0.829964328180737
517,0.898446833930705
518,0.798757763975155
519,0.707878787878788
520,0.856123662306778
521,0.795673076923077
522,0.837740384615385
523,0.833333333333334
524,0.79030303030303
525,0.787335722819594
526,0.896428571428572
527,0.773487773487773
528,0.88695652173913
529,0.892105263157895
530,0.858333333333334
531,0.785969084423305
532,0.773809523809524
533,0.707142857142857
534,0.825208085612366
535,0.712247324613555
536,0.78335724533716
537,0.8125
538,0.84468339307049
539,0.819593787335723
540,0.85479797979798
541,0.814285714285714
542,0.695600475624257
543,0.830952380952381
544,0.90952380952381
545,0.747878787878788
546,0.811180124223603
547,0.910539215686274
548,0.850490196078431
549,0.837514934289128
550,0.790865384615385
551,0.756009615384616
552,0.934722222222222
553,0.826923076923077
554,0.855757575757576
555,0.802884615384616
556,0.825
557,0.744949494949495
558,0.804086538461539
559,0.844362745098039
560,0.843043995243758
561,0.799278846153846
562,0.873357228195938
563,0.778186274509804
564,0.831055900621118
565,0.930704898446834
566,0.807142857142857
567,0.863799283154122
568,0.890476190476191
569,0.888228299643282
570,0.848809523809524
571,0.768421052631579
572,0.786904761904762
573,0.744351961950059
574,0.836904761904762
575,0.909090909090909
576,0.76593137254902
577,0.821818181818182
578,0.839473684210526
579,0.794079794079794
580,0.849462365591398
581,0.815695600475624
582,0.839904420549582
583,0.837514934289128
584,0.913770913770914
585,0.855436081242533
586,0.842424242424242
587,0.853046594982079
588,0.756272401433692
589,0.771428571428572
590,0.760998810939358
591,0.82843137254902
592,0.728793309438471
593,0.789725209080048
594,0.942307692307692
595,0.827205882352941
596,0.792892156862745
597,0.807598039215686
598,0.643966547192354
599,0.75030303030303
600,0.857142857142857
601,0.841099163679809
602,0.775388291517324
603,0.819262782401902
604,0.870098039215687
605,0.889285714285714
606,0.780952380952381
607,0.867438867438867
608,0.788819875776397
609,0.907878787878788
610,0.85
611,0.873737373737374
612,0.814506539833531
613,0.761904761904762
614,0.797575757575757
615,0.885304659498208
616,0.831402831402831
617,0.80952380952381
618,0.924019607843137
619,0.817204301075269
620,0.882424242424242
621,0.851190476190476
622,0.821428571428572
623,0.820913461538462
624,0.835714285714286
625,0.786666666666666
626,0.850961538461539
627,0.878947368421052
628,0.790441176470588
629,0.765151515151515
630,0.777777777777778
631,0.77299880525687
632,0.825980392156863
633,0.783783783783784
634,0.846153846153846
635,0.777644230769231
636,0.872474747474748
637,0.815476190476191
638,0.832298136645963
639,0.864285714285714
640,0.877380952380952
641,0.873939393939394
642,0.802867383512545
643,0.831515151515151
644,0.845959595959596
645,0.812422360248447
646,0.857142857142857
647,0.8
648,0.723809523809524
649,0.769047619047619
650,0.888221153846154
651,0.821428571428572
652,0.854934601664685
653,0.852163461538462
654,0.785093167701863
655,0.816009557945042
656,0.829326923076923
657,0.726060606060606
658,0.78921568627451
659,0.783333333333333
660,0.847204968944099
661,0.826666666666666
662,0.661117717003567
663,0.865476190476191
664,0.718434343434343
665,0.81547619047619
666,0.915173237753883
667,0.769414575866189
668,0.949068322981366
669,0.80499405469679
670,0.847222222222222
671,0.900735294117647
672,0.834134615384616
673,0.851851851851852
674,0.797619047619048
675,0.872162485065711
676,0.844047619047619
677,0.747909199522103
678,0.726010101010101
679,0.858429858429858
680,0.799019607843138
681,0.739545997610514
682,0.820238095238095
683,0.917892156862745
684,0.778846153846154
685,0.986778846153846
686,0.821428571428572
687,0.680823680823681
688,0.850961538461538
689,0.847222222222222
690,0.876941457586619
691,0.814950980392157
692,0.806060606060606
693,0.827541827541828
694,0.854934601664685
695,0.767857142857143
696,0.875179340028694
697,0.830952380952381
698,0.889285714285714
699,0.896969696969697
700,0.888095238095238
701,0.83030303030303
702,0.786140979689367
703,0.830346475507766
704,0.788690476190476
705,0.893333333333333
706,0.92156862745098
707,0.720430107526882
708,0.767025089605735
709,0.769414575866189
710,0.903571428571429
711,0.906862745098039
712,0.72979797979798
713,0.918757467144564
714,0.930704898446834
715,0.804848484848485
716,0.888095238095238
717,0.884615384615384
718,0.842424242424242
719,0.846428571428572
720,0.835909631391201
721,0.805952380952381
722,0.8
723,0.85171568627451
724,0.863030303030303
725,0.827380952380952
726,0.720238095238095
727,0.900252525252525
728,0.836538461538462
729,0.850490196078431
730,0.924731182795699
731,0.710872162485066
732,0.835151515151515
733,0.829761904761905
734,0.916666666666667
735,0.741935483870968
736,0.848809523809524
737,0.777380952380952
738,0.78494623655914
739,0.754807692307693
740,0.756009615384615
741,0.766060606060606
742,0.807142857142857
743,0.78485576923077
744,0.88969696969697
745,0.854658385093168
746,0.863030303030303
747,0.835714285714286
748,0.78125
749,0.800480769230769
750,0.751225490196079
751,0.8
752,0.848039215686274
753,0.8
754,0.895833333333333
755,0.751190476190476
756,0.908333333333333
757,0.840993788819876
758,0.783751493428913
759,0.877403846153846
760,0.761051373954599
761,0.797575757575758
762,0.8805256869773
763,0.80048076923077
764,0.810909090909091
765,0.805952380952381
766,0.86857825567503
767,0.829813664596273
768,0.876190476190476
769,0.951015531660693
770,0.8
771,0.814903846153846
772,0.860879904875149
773,0.833939393939394
774,0.781212841854934
775,0.897058823529412
776,0.882915173237754
777,0.896634615384615
778,0.840144230769231
779,0.769047619047619
780,0.820913461538462
781,0.891666666666667
782,0.822393822393823
783,0.839904420549582
784,0.838287752675386
785,0.833939393939394
786,0.763221153846154
787,0.8125
788,0.807272727272727
789,0.823211875843455
790,0.814903846153846
791,0.819393939393939
792,0.762019230769231
793,0.906064209274673
794,0.78452380952381
795,0.807646356033453
796,0.831541218637993
797,0.902777777777778
798,0.859393939393939
799,0.815695600475624
800,0.767272727272727
801,0.833531510107015
802,0.765765765765766
803,0.751201923076923
804,0.769607843137255
805,0.848484848484849
806,0.877450980392157
807,0.896634615384615
808,0.852163461538461
809,0.903571428571429
810,0.887694145758662
811,0.791666666666667
812,0.756363636363636
813,0.758661887694146
814,0.717171717171717
815,0.830346475507766
816,0.848989298454221
817,0.747596153846154
818,0.814814814814815
819,0.759856630824373
820,0.725
821,0.816176470588236
822,0.802884615384616
823,0.75
824,0.837267080745342
825,0.77299880525687
826,0.8472049689441
827,0.824519230769231
828,0.812425328554361
829,0.72979797979798
830,0.721428571428571
831,0.839751552795031
832,0.872770511296076
833,0.849759615384616
834,0.94060606060606
835,0.746714456391876
836,0.808695652173913
837,0.731272294887039
838,0.802424242424242
839,0.873774509803922
840,0.775240384615385
841,0.741818181818182
842,0.81807372175981
843,0.886904761904762
844,0.794191919191919
845,0.934601664684899
846,0.885714285714286
847,0.810526315789474
848,0.849462365591398
849,0.793269230769231
850,0.838287752675386
851,0.845878136200717
852,0.767272727272727
853,0.776583034647551
854,0.804968944099379
855,0.876363636363636
856,0.911904761904762
857,0.908653846153846
858,0.889285714285714
859,0.814285714285714
860,0.808823529411765
861,0.803804994054697
862,0.830882352941177
863,0.821078431372549
864,0.8805256869773
865,0.753571428571429
866,0.799048751486326
867,0.729166666666667
868,0.91540404040404
869,0.779393939393939
870,0.769607843137255
871,0.716845878136201
872,0.74074074074074
873,0.876190476190476
874,0.614545454545455
875,0.903571428571429
876,0.78494623655914
877,0.843488649940263
878,0.698317307692308
879,0.8805256869773
880,0.880745341614907
881,0.880952380952381
882,0.879503105590062
883,0.811274509803922
884,0.8
885,0.845588235294118
886,0.806211180124224
887,0.8125
888,0.7610513739546
889,0.876363636363636
890,0.813131313131313
891,0.867878787878788
892,0.866666666666666
893,0.729166666666667
894,0.899509803921569
895,0.855952380952381
896,0.860526315789474
897,0.819593787335723
898,0.81060606060606
899,0.874551971326165
900,0.844848484848485
901,0.876190476190476
902,0.765625
903,0.8
904,0.770833333333333
905,0.834558823529412
906,0.801190476190476
907,0.72979797979798
908,0.912990196078431
909,0.859375
910,0.852121212121212
911,0.823178016726404
912,0.816884661117717
913,0.846153846153846
914,0.846611177170036
915,0.777380952380952
916,0.848809523809524
917,0.854567307692308
918,0.827329192546584
919,0.756009615384615
920,0.872162485065711
921,0.806818181818182
922,0.694980694980695
923,0.901818181818182
924,0.864285714285714
925,0.86857825567503
926,0.741818181818182
927,0.789725209080048
928,0.813701923076923
929,0.794292508917955
930,0.828571428571429
931,0.916363636363636
932,0.705590062111801
933,0.83459595959596
934,0.704656862745098
935,0.934601664684899
936,0.839460784313726
937,0.881009615384615
938,0.793309438470729
939,0.878676470588236
940,0.869090909090909
941,0.836550836550837
942,0.857142857142857
943,0.86857825567503
944,0.869772998805257
945,0.852163461538462
946,0.7610513739546
947,0.790062111801242
948,0.853365384615385
949,0.929510155316607
950,0.779761904761905
951,0.905590062111801
952,0.72969696969697
953,0.916666666666667
954,0.830952380952381
955,0.790062111801242
956,0.73452380952381
957,0.879807692307692
958,0.863799283154122
959,0.925245098039216
960,0.906064209274673
961,0.875
962,0.910353535353535
963,0.819047619047619
964,0.787259615384615
965,0.829090909090909
966,0.866188769414576
967,0.872727272727273
968,0.844047619047619
969,0.718787878787879
970,0.821983273596177
971,0.777380952380953
972,0.784313725490196
973,0.85952380952381
974,0.853365384615384
975,0.746714456391876
976,0.782608695652174
977,0.712066905615293
978,0.872727272727273
979,0.909855769230769
980,0.746730083234245
981,0.791666666666667
982,0.844047619047619
983,0.867878787878788
984,0.783088235294118
985,0.886499402628435
986,0.801767676767677
987,0.846153846153846
988,0.803804994054697
989,0.814545454545454
990,0.76547619047619
991,0.676962676962677
992,0.736778846153846
993,0.845878136200717
994,0.805256869772999
995,0.788095238095238
996,0.810939357907253
997,0.808894230769231
998,0.960760998810939
999,0.863799283154122
1000,0.739545997610514
